积石山保安族东乡族撒拉族自治县,15
双江拉祜族佤族布朗族傣族自治县,15
镇沅彝族哈尼族拉祜族自治县,13
孟连傣族拉祜族佤族自治县,12
元江哈尼族彝族傣族自治县,12
塔什库尔干塔吉克自治县,11
莫力达瓦达斡尔族自治旗,11
前郭尔罗斯蒙古族自治县,11
喀喇沁左翼蒙古族自治县,11
威宁彝族回族苗族自治县,11
金平苗族瑶族傣族自治县,11
江城哈尼族彝族自治县,10
印江土家族苗族自治县,10
围场满族蒙古族自治县,10
彭水苗族土家族自治县,10
酉阳土家族苗族自治县,10
紫云苗族布依族自治县,10
宁洱哈尼族彝族自治县,10
秀山土家族苗族自治县,10
镇宁布依族苗族自治县,10
关岭布依族苗族自治县,10
道真仡佬族苗族自治县,10
杜尔伯特蒙古族自治县,10
兰坪白族普米族自治县,10
贡山独龙族怒族自治县,10
阿克塞哈萨克族自治县,10
务川仡佬族苗族自治县,10
和布克赛尔蒙古自治县,10
寻甸回族彝族自治县 ,10
景谷傣族彝族自治县,9
新平彝族傣族自治县,9
连山壮族瑶族自治县,9
察布查尔锡伯自治县,9
新站综合开发试验区,9
临港经济技术开发区,9
高新技术产业开发区,9
耿马傣族佤族自治县,9
巍山彝族回族自治县,9
巴里坤哈萨克自治县,9
禄劝彝族苗族自治县,9
靖州苗族侗族自治县,9
达尔罕茂明安联合旗,9
民和回族土族自治县,9
沉湖林业科技示范区,9
大通回族土族自治县,9
环江毛南族自治县,8
张家川回族自治县,8
罗城仫佬族自治县,8
河南蒙古族自治县,8
肃南裕固族自治县,8
五峰土家族自治县,8
循化撒拉族自治县,8
长阳土家族自治县,8
长白朝鲜族自治县,8
塔什库尔干塔吉克,8
木垒哈萨克自治县,8
梅里斯达斡尔族区,8
维西傈僳族自治县,8
肃北蒙古族自治县,8
阜新蒙古族自治县,8
沿河土家族自治县,8
墨江哈尼族自治县,8
石柱土家族自治县,8
澜沧拉祜族自治县,8
玉龙纳西族自治县,8
本溪满族自治县,7
彬村山华侨农场,7
侨乡街道开发区,7
科尔沁右翼中旗,7
伊通满族自治县,7
察哈尔右翼中旗,7
科尔沁右翼前旗,7
汽车产业开发区,7
察哈尔右翼后旗,7
丰宁满族自治县,7
宽城满族自治县,7
青龙满族自治县,7
库西经济工业园,7
连南瑶族自治县,7
门源回族自治县,7
岫岩满族自治县,7
新宾满族自治县,7
焉耆回族自治县,7
天祝藏族自治县,7
宽甸满族自治县,7
互助土族自治县,7
桓仁满族自治县,7
清原满族自治县,7
化隆回族自治县,7
兴隆综合保税区,7
峨山彝族自治县,7
融水苗族自治县,7
中关村科技园区,7
西盟佤族自治县,7
景东彝族自治县,7
宁蒗彝族自治县,7
科尔沁左翼后旗,7
科尔沁左翼中旗,7
洋浦经济开发区,7
石林彝族自治县,7
三都水族自治县,7
松桃苗族自治县,7
玉屏侗族自治县,7
通道侗族自治县,7
城步苗族自治县,7
沧源佤族自治县,7
芷江侗族自治县,7
新晃侗族自治县,7
庐山风景名胜区,7
景宁畲族自治县,7
北川羌族自治县,7
舟山本岛西北部,7
麻阳苗族自治县,7
木里藏族自治县,7
峨边彝族自治县,7
马边彝族自治县,7
江华瑶族自治县,7
三江侗族自治县,7
经济技术开发区,7
金秀瑶族自治县,7
漾濞彝族自治县,7
高新技术开发区,7
恭城瑶族自治县,7
龙胜各族自治县,7
鄂温克族自治旗,7
大化瑶族自治县,7
熊口农场管理区,7
南涧彝族自治县,7
隆林各族自治县,7
孟村回族自治县,7
乳源瑶族自治县,7
察哈尔右翼前旗,7
富川瑶族自治县,7
大厂回族自治县,7
河口瑶族自治县,7
巴马瑶族自治县,7
都安瑶族自治县,7
屏边苗族自治县,7
新巴尔虎右旗,6
东方华侨农场,6
鹰手营子矿区,6
西乌珠穆沁旗,6
新巴尔虎左旗,6
兴隆华侨农场,6
东乌珠穆沁旗,6
白云鄂博矿区,6
鄂伦春自治旗,6
阿鲁科尔沁旗,6
运粮湖管理区,6
圣安多尼堂区,6
兵团四十四团,6
高新汾东园区,6
松山湖高新区,6
高新姚村园区,6
兵团五十三团,6
政务文化新区,6
图木舒克市区,6
九合垸原种场,6
高新阳曲园区,6
兵团五十二团,6
兵团五十一团,6
漕河泾开发区,6
察布查尔锡伯,6
金银川路街道,6
白鹭湖管理区,6
圣方济各堂区,6
岱山岛西南部,6
兵团四十九团,6
济技术开发区,6
东乡族自治县,6
扎赉诺尔区,5
伊金霍洛旗,5
总口管理区,5
毛集实验区,5
香格里拉市,5
堆龙德庆区,5
额尔古纳市,5
乌拉特前旗,5
乌拉特中旗,5
墨竹工卡县,5
乌拉特后旗,5
工布江达县,5
陈巴尔虎旗,5
霍林郭勒市,5
鄂托克前旗,5
莺歌海盐场,5
花地玛堂区,5
西海岸新区,5
八里湖新区,5
桑海开发区,5
小蓝开发区,5
红谷滩新区,5
东侨开发区,5
霸王岭林场,5
土默特左旗,5
和林格尔县,5
综合保税区,5
土默特右旗,5
台商投资区,5
高新开发区,5
克什克腾旗,5
尖峰岭林业,5
五大连池市,5
加格达奇区,5
富拉尔基区,5
杭州湾新区,5
吉木萨尔县,5
龙华山街道,5
白茅湖农场,5
管城回族区,5
沙湖原种场,5
阿拉山口市,5
璧山高新区,5
赵西垸林场,5
前郭尔罗斯,5
二十九团场,5
刘家垸林场,5
哈尔滨新区,5
克拉玛依区,5
乌鲁木齐县,5
沙依巴克区,5
周矶管理区,5
后湖管理区,5
天门工业园,5
喀喇沁左翼,5
乌兰浩特市,5
紫竹高新区,5
火炬开发区,5
二连浩特市,5
锡林浩特市,5
苏尼特左旗,5
苏尼特右旗,5
阿拉善左旗,5
阿拉善右旗,5
张江高新区,5
顺河回族区,5
和布克赛尔,5
喀拉拜勒镇,5
幸福路街道,5
龙栖湾新区,5
青松路街道,5
瀍河回族区,5
霍尔果斯市,5
兵团五十团,5
畜禽良种场,5
北戴河新区,5
金鸡岭农场,5
北京供电局,5
经济开发区,5
滨海高新区,5
阿瓦提县,4
滇中新区,4
调兵山市,4
阿克苏市,4
蒋湖农场,4
山南新区,4
城子河区,4
北戴河区,4
长春新区,4
长征农场,4
张家港市,4
兴隆台区,4
阿图什市,4
阿克陶县,4
阿合奇县,4
双台子区,4
山海关区,4
东西湖区,4
太子河区,4
英吉沙县,4
弓长岭区,4
金城江区,4
大岭山镇,4
望牛墩镇,4
麦盖提县,4
水磨沟区,4
头屯河区,4
达坂城区,4
武夷山市,4
碾子山区,4
独山子区,4
横琴新区,4
白碱滩区,4
乌尔禾区,4
伍家岗区,4
托克逊县,4
三地门乡,4
七里河区,4
呼图壁县,4
玛纳斯县,4
两江新区,4
麻栗坡县,4
共青城市,4
樟木头镇,4
库尔勒市,4
北海新区,4
苏州新区,4
工业园区,4
岳普湖县,4
七星关区,4
松山新区,4
自流井区,4
阿勒泰市,4
布尔津县,4
丹江口市,4
吉木萨尔,4
哈巴河县,4
老街街道,4
吉木乃县,4
金银川镇,4
锡伯渡镇,4
西培农场,4
加钗农场,4
乌石农场,4
阳江农场,4
吊罗山乡,4
四方台区,4
三更罗镇,4
玉东新区,4
黎母山镇,4
瓦房店市,4
望城新区,4
徐圩新区,4
连云新城,4
新海新区,4
渤海新区,4
东路农场,4
龙泉驿区,4
南阳农场,4
罗豆农场,4
青白江区,4
清河门区,4
五桂山区,4
大石桥市,4
湘江新区,4
禹王台区,4
鲅鱼圈区,4
兴义市 ,4
宜昌新区,4
阿拉山口,4
特克斯县,4
曲江新区,4
尼勒克县,4
西咸新区,4
曹妃甸区,4
都江堰市,4
北京供电,4
佛子山镇,4
杨林街道,4
赣江新区,4
干河街道,4
八十一团,4
八十四团,4
八十五团,4
八十六团,4
八十九团,4
西沙群岛,4
南沙群岛,4
中沙群岛,4
下谷坪乡,4
沙嘴街道,4
皮山农场,4
长埫口镇,4
二二四团,4
清江浦区,4
四十七团,4
洛阳新区,4
杜尔伯特,4
青山湖区,4
新盈农场,4
青云谱区,4
西流农场,4
三伏潭镇,4
龙山农场,4
博古其镇,4
安阳新区,4
红岭农场,4
红山街道,4
高碑店市,4
加格达奇,4
石河子乡,4
一五二团,4
向阳街道,4
新城街道,4
五大连池,4
杏花岭区,4
南口街道,4
托喀依乡,4
尖草坪区,4
万柏林区,4
老河口市,4
梁子湖区,4
喀拉拜勒,4
一零一团,4
一零二团,4
一零三团,4
下花园区,4
阿里山乡,4
西庆农场,4
西流河镇,4
竟陵街道,4
九龙坡区,4
兰州新区,4
大亚湾区,4
竹根滩镇,4
富拉尔基,4
高石碑镇,4
公主岭市,4
大渡口区,4
福州新区,4
大武口区,4
沙坪坝区,4
井陉矿区,4
油尖旺区,4
红寺堡区,4
积玉口镇,4
郑汴新区,4
青铜峡市,4
九龙城区,4
黄大仙区,4
郑东新区,4
昂昂溪区,4
沙坡头区,4
江北新区,4
二道江区,4
东昌府区,4
霍尔果斯,4
德令哈市,4
杨林尾镇,4
深水埗区,4
西华农场,4
八一农场,4
蓝洋农场,4
高新西区,4
通海口镇,4
高新南区,4
东太农场,4
东红农场,4
雄安新区,4
排湖渔场,4
五湖渔场,4
东升农场,4
南俸农场,4
天府新区,4
西联农场,4
梅河口市,4
白马井镇,4
曲麻莱县,4
格尔木市,4
普兰店区,4
东城街道,4
旅顺口区,4
乐光农场,4
巴林左旗,4
汤旺河区,4
山荣农场,4
元宝山区,4
乐中农场,4
莺歌海镇,4
白云矿区,4
工布江达,4
海勃湾区,4
乌伊岭区,4
和林格尔,4
上甘岭区,4
章康新区,4
谢通门县,4
昆都仑区,4
清水河县,4
铁山港区,4
托克托县,4
五龙口镇,4
五通桥区,4
红林农场,4
巴林右旗,4
乌马河区,4
伊金霍洛,4
翁牛特旗,4
南木林县,4
雨花台区,4
海拉尔区,4
朱家尖岛,4
鄂托克旗,4
准格尔旗,4
霍林郭勒,4
达拉特旗,4
康巴什区,4
金山屯区,4
科左后旗,4
科左中旗,4
扎鲁特旗,4
金普新区,4
保国农场,4
中瑞农场,4
南海农场,4
科尔沁区,4
福报农场,4
报伦农场,4
喀喇沁旗,4
金口河区,4
冷水江市,4
玉泉街道,4
天坛街道,4
九寨沟县,4
墨竹工卡,4
马尔康市,4
加来农场,4
红华农场,4
绥芬河市,4
类乌齐县,4
埌东新区,4
堆龙德庆,4
香格里拉,4
武陵源区,4
金安农场,4
西达农场,4
红光农场,4
浪卡子县,4
光明新区,4
大鹏新区,4
柳东新区,4
望德堂区,4
风顺堂区,4
嘉模堂区,4
井冈山市,4
八公山区,4
谢家集区,4
西乡塘区,4
北海街道,4
济水街道,4
龙子湖区,4
中建农场,4
中坤农场,4
门头沟区,4
岳阳楼区,4
峨眉山市,4
沁园街道,4
十月田镇,4
冷水滩区,4
聂拉木县,4
石景山区,4
茄子河区,4
邦溪农场,4
龙江农场,4
白沙农场,4
浦东新区,4
若尔盖县,4
田家庵区,4
姚村园区,4
保显农场,4
汾东园区,4
阿巴嘎旗,4
龙马潭区,4
克拉玛依,4
苏家屯区,4
二连浩特,4
扎赉特旗,4
科右中旗,4
科右前旗,4
西塞山区,4
沈北新区,4
乌兰浩特,4
六枝特区,4
四子王旗,4
台儿庄区,4
察右中旗,4
察右前旗,4
贵安新区,4
镇江新区,4
锡林浩特,4
扎赉诺尔,4
太麻里乡,4
滨湖新区,4
东兴农场,4
萨尔图区,4
东和农场,4
南平农场,4
新中农场,4
北城新区,4
黄石港区,4
南林农场,4
正镶白旗,4
岭门农场,4
东岭农场,4
额济纳旗,4
沙依巴克,4
阿尔山市,4
让胡路区,4
乌鲁木齐,4
红花岗区,4
丹徒新区,4
察右后旗,4
太仆寺旗,4
滨海新区,4
鄂温克旗,4
那玛夏区,4
满洲里市,4
金江农场,4
新星农场,4
牙克石市,4
三道农场,4
观山湖区,4
沙河口区,4
甘井子区,4
扎兰屯市,4
广坝农场,4
杭锦后旗,4
桑珠孜区,4
阳曲园区,4
峰峰矿区,4
额尔古纳,4
石龙区,3
樟树市,3
高安市,3
九江县,3
定南县,3
临川区,3
红花岗,3
丰城市,3
东乡区,3
南城县,3
全南县,3
武宁县,3
袁州区,3
靖安县,3
莲花县,3
汝州市,3
芦溪县,3
文峰区,3
永新县,3
浔阳区,3
新乡县,3
宁都县,3
宜丰县,3
上高县,3
宝丰县,3
万载县,3
上犹县,3
安远县,3
龙南县,3
获嘉县,3
崇义县,3
湛河区,3
铜鼓县,3
奉新县,3
原阳县,3
濂溪区,3
上栗县,3
殷都区,3
牧野区,3
红旗区,3
寻乌县,3
石城县,3
观山湖,3
瑞金市,3
吉州区,3
月湖区,3
分宜县,3
鲁山县,3
吉安县,3
淇滨区,3
安阳县,3
渝水区,3
山城区,3
鹤山区,3
林州市,3
庐山市,3
青原区,3
湖口县,3
内黄县,3
七星关,3
彭泽县,3
瑞昌市,3
汤阴县,3
会昌县,3
兴国县,3
修水县,3
余江县,3
大余县,3
于都县,3
舞钢市,3
安福县,3
信丰县,3
北关区,3
赣县区,3
永修县,3
德安县,3
万安县,3
南康区,3
章贡区,3
遂川县,3
泰和县,3
永丰县,3
贵溪市,3
都昌县,3
新干县,3
龙安区,3
凤泉区,3
峡江县,3
卫滨区,3
吉水县,3
老城镇,3
延平区,3
湘东区,3
闽清县,3
连江县,3
召陵区,3
舞阳县,3
闽侯县,3
晋安区,3
马尾区,3
临颍县,3
湖滨区,3
仓山区,3
台江区,3
宁国市,3
陕州区,3
渑池县,3
旌德县,3
绩溪县,3
广德县,3
郎溪县,3
宣州区,3
青阳县,3
罗源县,3
永泰县,3
魏都区,3
平潭县,3
鄢陵县,3
仙游县,3
襄城县,3
禹州市,3
长葛市,3
秀屿区,3
荔城区,3
涵江区,3
城厢区,3
翔安区,3
同安区,3
集美区,3
源汇区,3
郾城区,3
湖里区,3
海沧区,3
思明区,3
长乐市,3
福清市,3
石台县,3
东至县,3
贵池区,3
利辛县,3
红河县,3
颍东区,3
颍州区,3
明光市,3
天长市,3
麻栗坡,3
凤阳县,3
定远县,3
全椒县,3
宛城区,3
来安县,3
南谯区,3
琅琊区,3
祁门县,3
休宁县,3
徽州区,3
黄山区,3
屯溪区,3
桐城市,3
颍泉区,3
临泉县,3
太和县,3
叶集区,3
卢氏县,3
蒙城县,3
涡阳县,3
谯城区,3
霍山县,3
金寨县,3
舒城县,3
霍邱县,3
裕安区,3
阜南县,3
金安区,3
义马市,3
灵宝市,3
灵璧县,3
砀山县,3
埇桥区,3
界首市,3
颍上县,3
建安区,3
梅列区,3
安源区,3
柘荣县,3
寿宁县,3
屏南县,3
古田县,3
霞浦县,3
蕉城区,3
漳平市,3
连城县,3
武平县,3
上杭县,3
长汀县,3
修武县,3
永定区,3
新罗区,3
建瓯市,3
邵武市,3
政和县,3
松溪县,3
光泽县,3
浦城县,3
周宁县,3
福安市,3
三元区,3
福鼎市,3
延津县,3
封丘县,3
长垣县,3
卫辉市,3
辉县市,3
解放区,3
乐平市,3
中站区,3
浮梁县,3
珠山区,3
马村区,3
昌江区,3
进贤县,3
安义县,3
山阳区,3
南昌县,3
新建区,3
湾里区,3
东湖区,3
顺昌县,3
建阳区,3
黎川县,3
龙海市,3
安溪县,3
惠安县,3
泉港区,3
洛江区,3
丰泽区,3
鲤城区,3
永安市,3
南乐县,3
台前县,3
建宁县,3
金城江,3
泰宁县,3
将乐县,3
尤溪县,3
大田县,3
宁化县,3
清流县,3
濮阳县,3
明溪县,3
永春县,3
德化县,3
金门县,3
龙文区,3
华安县,3
平和县,3
南靖县,3
东山县,3
长泰县,3
诏安县,3
漳浦县,3
云霄县,3
芗城区,3
石狮市,3
南安市,3
博爱县,3
武陟县,3
晋江市,3
沁阳市,3
孟州市,3
华龙区,3
清丰县,3
卫东区,3
汶上县,3
南丰县,3
尉氏县,3
北大镇,3
山根镇,3
长丰镇,3
栾川县,3
新安县,3
礼纪镇,3
东澳镇,3
孟津县,3
大茂镇,3
大渡口,3
沙坪坝,3
九龙坡,3
洛龙区,3
吉利区,3
涧西区,3
后安镇,3
西工区,3
老城区,3
和乐镇,3
南桥镇,3
什运乡,3
上安乡,3
新政镇,3
感城镇,3
大田镇,3
东河镇,3
八所镇,3
保城镇,3
什玲镇,3
加茂镇,3
响水镇,3
三道镇,3
中平镇,3
六弓乡,3
南林乡,3
毛感乡,3
营根镇,3
湾岭镇,3
和平镇,3
长征镇,3
红毛镇,3
兰考县,3
通许县,3
惠民县,3
龙滚镇,3
郓城县,3
清谰镇,3
巨野县,3
成武县,3
定陶区,3
迈号镇,3
公坡镇,3
铺前镇,3
锦山镇,3
牡丹区,3
邹平县,3
博兴县,3
无棣县,3
冯坡镇,3
抱罗镇,3
阳信县,3
龙泉驿,3
青白江,3
翁田镇,3
鄄城县,3
东明县,3
中原区,3
中牟县,3
祥符区,3
万城镇,3
龙亭区,3
登封市,3
新郑市,3
新密市,3
荥阳市,3
巩义市,3
惠济区,3
南阳镇,3
湖山乡,3
龙马乡,3
宝芳乡,3
头苑镇,3
上街区,3
金水区,3
新桥镇,3
二七区,3
板桥镇,3
三家镇,3
群英乡,3
四更镇,3
牙叉镇,3
七坊镇,3
邦溪镇,3
打安镇,3
细水乡,3
元门乡,3
南开乡,3
阜龙乡,3
青松乡,3
金波乡,3
荣邦乡,3
石碌镇,3
叉河镇,3
乌烈镇,3
海尾镇,3
南罗镇,3
太坡镇,3
西昌镇,3
昌化镇,3
加来镇,3
调楼镇,3
新盈镇,3
福山镇,3
瑞溪镇,3
金江镇,3
县城内,3
永发镇,3
加乐镇,3
文儒镇,3
中兴镇,3
仁兴镇,3
桥头镇,3
南宝镇,3
大丰镇,3
临城镇,3
波莲镇,3
东英镇,3
博厚镇,3
皇桐镇,3
多文镇,3
和舍镇,3
七叉镇,3
保平乡,3
昌城乡,3
新竹镇,3
龙门镇,3
雷鸣镇,3
龙湖镇,3
椰林镇,3
光坡镇,3
三才镇,3
英州镇,3
隆广镇,3
定城镇,3
岭口镇,3
江边乡,3
文罗镇,3
本号镇,3
新村镇,3
黎安镇,3
提蒙乡,3
天安乡,3
新龙镇,3
龙河镇,3
翰林镇,3
王下乡,3
九所镇,3
坡心镇,3
抱由镇,3
万冲镇,3
南坤镇,3
南吕镇,3
大安镇,3
志仲镇,3
千家镇,3
乌坡镇,3
富文镇,3
利国镇,3
枫木镇,3
黄流镇,3
佛罗镇,3
尖峰镇,3
新兴镇,3
屯城镇,3
黄竹镇,3
昌洒镇,3
龙楼镇,3
崇仁县,3
平度市,3
福山区,3
芝罘区,3
广饶县,3
利津县,3
垦利区,3
河口区,3
东营区,3
滕州市,3
山亭区,3
峄城区,3
薛城区,3
沂源县,3
高青县,3
桓台县,3
周村区,3
临淄区,3
博山区,3
张店区,3
淄川区,3
牟平区,3
莱山区,3
长岛县,3
坊子区,3
安丘市,3
寿光市,3
诸城市,3
青州市,3
昌乐县,3
峨眉山,3
临朐县,3
奎文区,3
寒亭区,3
龙口市,3
潍城区,3
海阳市,3
栖霞市,3
招远市,3
汝阳县,3
蓬莱市,3
莱州市,3
莱阳市,3
莱西市,3
白马井,3
东郊镇,3
即墨市,3
万年县,3
鄱阳县,3
余干县,3
弋阳县,3
横峰县,3
若尔盖,3
铅山县,3
玉山县,3
上饶县,3
广丰区,3
信州区,3
广昌县,3
洛宁县,3
资溪县,3
金溪县,3
伊川县,3
偃师市,3
宜黄县,3
乐安县,3
九寨沟,3
婺源县,3
宜阳县,3
济阳县,3
胶州市,3
城阳区,3
李沧区,3
崂山区,3
黄岛区,3
市北区,3
市南区,3
商河县,3
平阴县,3
德兴市,3
章丘区,3
长清区,3
历城区,3
天桥区,3
槐荫区,3
马尔康,3
市中区,3
历下区,3
高密市,3
金口河,3
五通桥,3
昌邑市,3
夏津县,3
平原县,3
齐河县,3
临邑县,3
大路镇,3
庆云县,3
长坡镇,3
塔洋镇,3
潭门镇,3
龙江镇,3
宁津县,3
陵城区,3
阳江镇,3
博鳌镇,3
德城区,3
临沭县,3
蒙阴县,3
龙马潭,3
中原镇,3
会山镇,3
自流井,3
文城镇,3
高唐县,3
文教镇,3
东阁镇,3
潭牛镇,3
东路镇,3
会文镇,3
沾化区,3
滨城区,3
临清市,3
东阿县,3
望江县,3
蓬莱镇,3
重兴镇,3
茌平县,3
阳谷县,3
都江堰,3
禹城市,3
乐陵市,3
武城县,3
石壁镇,3
万泉镇,3
莒南县,3
邹城市,3
环翠区,3
肥城市,3
新泰市,3
经开区,3
东平县,3
宁阳县,3
岱岳区,3
泰山区,3
曲阜市,3
荣成市,3
梁山县,3
泗水县,3
嘉祥县,3
金乡县,3
鱼台县,3
微山县,3
兖州区,3
任城区,3
文登区,3
乳山市,3
平邑县,3
毛阳镇,3
兰陵县,3
沂水县,3
郯城县,3
嘉积镇,3
水满乡,3
毛道乡,3
畅好乡,3
番阳镇,3
南圣镇,3
东港区,3
沂南县,3
罗庄区,3
通什镇,3
兰山区,3
钢城区,3
莱城区,3
五莲县,3
岚山区,3
岳西县,3
雨湖区,3
宿松县,3
盐湖区,3
东胜区,3
奈曼旗,3
库伦旗,3
开鲁县,3
敖汉旗,3
宁城县,3
林西县,3
松山区,3
红山区,3
乌达区,3
阿里山,3
海南区,3
固阳县,3
九原区,3
石拐区,3
青山区,3
东河区,3
武川县,3
赛罕区,3
玉泉区,3
回民区,3
新城区,3
汾阳市,3
根河市,3
临河区,3
五原县,3
沈河区,3
西岗区,3
中山区,3
新民市,3
法库县,3
康平县,3
辽中区,3
于洪区,3
铁西区,3
皇姑区,3
大东区,3
多伦县,3
磴口县,3
彰化市,3
突泉县,3
丰镇市,3
凉城县,3
兴和县,3
商都县,3
化德县,3
卓资县,3
集宁区,3
南投市,3
孝义市,3
交口县,3
三地门,3
平陆县,3
神池县,3
静乐县,3
宁武县,3
繁峙县,3
五台县,3
定襄县,3
忻府区,3
河津市,3
永济市,3
芮城县,3
垣曲县,3
岢岚县,3
新绛县,3
稷山县,3
闻喜县,3
万荣县,3
临猗县,3
中西区,3
湾仔区,3
油尖旺,3
深水埗,3
九龙城,3
五寨县,3
河曲县,3
中阳县,3
大宁县,3
方山县,3
石楼县,3
柳林县,3
交城县,3
文水县,3
离石区,3
霍州市,3
侯马市,3
汾西县,3
永和县,3
乡宁县,3
保德县,3
太麻里,3
浮山县,3
安泽县,3
洪洞县,3
襄汾县,3
翼城县,3
曲沃县,3
尧都区,3
原平市,3
偏关县,3
金州区,3
长海县,3
庄河市,3
九台区,3
桦甸市,3
蛟河市,3
永吉县,3
丰满区,3
船营区,3
龙潭区,3
昌邑区,3
德惠市,3
榆树市,3
农安县,3
双阳区,3
磐石市,3
绿园区,3
二道区,3
宽城区,3
南关区,3
兴城市,3
建昌县,3
绥中县,3
南票区,3
龙港区,3
连山区,3
舒兰市,3
梨树县,3
北票市,3
江源区,3
通榆县,3
镇赉县,3
洮北区,3
扶余市,3
乾安县,3
长岭县,3
宁江区,3
临江市,3
靖宇县,3
抚松县,3
浑江区,3
那玛夏,3
集安市,3
柳河县,3
辉南县,3
通化县,3
东昌区,3
东辽县,3
东丰县,3
西安区,3
龙山区,3
双辽市,3
凌源市,3
建平县,3
铁东区,3
明山区,3
黑山县,3
太和区,3
凌河区,3
古塔区,3
凤城市,3
东港市,3
振安区,3
振兴区,3
元宝区,3
南芬区,3
溪湖区,3
北镇市,3
平山区,3
抚顺县,3
顺城区,3
望花区,3
东洲区,3
新抚区,3
海城市,3
台安县,3
千山区,3
立山区,3
凌海市,3
站前区,3
朝阳县,3
灯塔市,3
龙城区,3
双塔区,3
开原市,3
昌图县,3
西丰县,3
铁岭县,3
清河区,3
银州区,3
盘山县,3
大洼区,3
辽阳县,3
西市区,3
宏伟区,3
文圣区,3
白塔区,3
彰武县,3
细河区,3
太平区,3
新邱区,3
海州区,3
盖州市,3
老边区,3
黄大仙,3
介休市,3
大安市,3
灵石县,3
双桥区,3
双滦区,3
承德县,3
兴隆县,3
滦平县,3
隆化县,3
平泉市,3
运河区,3
东光县,3
海兴县,3
盐山县,3
肃宁县,3
南皮县,3
吴桥县,3
泊头市,3
任丘市,3
黄骅市,3
河间市,3
安次区,3
广阳区,3
固安县,3
永清县,3
香河县,3
赤城县,3
涿鹿县,3
怀来县,3
博野县,3
涞水县,3
阜平县,3
定兴县,3
高阳县,3
容城县,3
涞源县,3
望都县,3
安新县,3
曲阳县,3
顺平县,3
涿州市,3
怀安县,3
定州市,3
安国市,3
宣化区,3
万全区,3
崇礼区,3
张北县,3
康保县,3
沽源县,3
尚义县,3
阳原县,3
大城县,3
文安县,3
霸州市,3
潞城市,3
平定县,3
长治县,3
襄垣县,3
屯留县,3
平顺县,3
黎城县,3
壶关县,3
长子县,3
武乡县,3
沁源县,3
沁水县,3
左云县,3
阳城县,3
陵川县,3
泽州县,3
高平市,3
朔城区,3
平鲁区,3
山阴县,3
右玉县,3
怀仁县,3
榆次区,3
大同县,3
浑源县,3
三河市,3
小店区,3
桃城区,3
冀州区,3
枣强县,3
武邑县,3
武强县,3
饶阳县,3
安平县,3
故城县,3
阜城县,3
深州市,3
迎泽区,3
灵丘县,3
晋源区,3
清徐县,3
阳曲县,3
娄烦县,3
古交市,3
南郊区,3
新荣区,3
阳高县,3
天镇县,3
广灵县,3
徐水区,3
清苑区,3
满城区,3
新华区,3
西青区,3
津南区,3
北辰区,3
武清区,3
宝坻区,3
宁河区,3
静海区,3
蓟州区,3
长安区,3
桥西区,3
裕华区,3
红桥区,3
藁城区,3
鹿泉区,3
栾城区,3
井陉县,3
正定县,3
行唐县,3
灵寿县,3
高邑县,3
深泽县,3
赞皇县,3
东丽区,3
河北区,3
平山县,3
房山区,3
平遥县,3
太谷县,3
寿阳县,3
昔阳县,3
和顺县,3
东城区,3
西城区,3
朝阳区,3
丰台区,3
海淀区,3
通州区,3
南开区,3
顺义区,3
昌平区,3
大兴区,3
怀柔区,3
平谷区,3
密云区,3
延庆区,3
和平区,3
河东区,3
河西区,3
无极县,3
元氏县,3
莲池区,3
隆尧县,3
鸡泽县,3
广平县,3
馆陶县,3
曲周县,3
武安市,3
桥东区,3
邢台县,3
临城县,3
内丘县,3
柏乡县,3
南和县,3
成安县,3
宁晋县,3
巨鹿县,3
新河县,3
广宗县,3
平乡县,3
清河县,3
临西县,3
南宫市,3
沙河市,3
竞秀区,3
大名县,3
临漳县,3
辛集市,3
迁西县,3
晋州市,3
新乐市,3
路南区,3
路北区,3
古冶区,3
开平区,3
丰南区,3
丰润区,3
滦南县,3
乐亭县,3
玉田县,3
永年区,3
遵化市,3
迁安市,3
海港区,3
抚宁区,3
昌黎县,3
卢龙县,3
邯山区,3
丛台区,3
复兴区,3
肥乡区,3
洮南市,3
延吉市,3
太湖县,3
武进区,3
临安市,3
建德市,3
淳安县,3
桐庐县,3
富阳区,3
余杭区,3
萧山区,3
滨江区,3
西湖区,3
拱墅区,3
江干区,3
下城区,3
上城区,3
泗洪县,3
泗阳县,3
沭阳县,3
宿豫区,3
宿城区,3
泰兴市,3
靖江市,3
兴化市,3
南召县,3
姜堰区,3
海曙区,3
江北区,3
北仑区,3
平阳县,3
海宁市,3
海盐县,3
嘉善县,3
秀洲区,3
南湖区,3
乐清市,3
瑞安市,3
泰顺县,3
文成县,3
苍南县,3
永嘉县,3
镇海区,3
洞头区,3
瓯海区,3
龙湾区,3
鹿城区,3
慈溪市,3
余姚市,3
宁海县,3
象山县,3
奉化区,3
鄞州区,3
高港区,3
海陵区,3
句容市,3
港闸区,3
灌南县,3
灌云县,3
东海县,3
赣榆区,3
连云区,3
海门市,3
如皋市,3
启东市,3
如东县,3
海安县,3
崇川区,3
淮阴区,3
太仓市,3
昆山市,3
常熟市,3
吴江区,3
姑苏区,3
张家川,3
相城区,3
吴中区,3
虎丘区,3
溧阳市,3
淮安区,3
七里河,3
扬中市,3
东台市,3
丹阳市,3
丹徒区,3
润州区,3
京口区,3
高邮市,3
仪征市,3
宝应县,3
江都区,3
邗江区,3
广陵区,3
建湖县,3
洪泽区,3
射阳县,3
阜宁县,3
滨海县,3
响水县,3
大丰区,3
盐都区,3
亭湖区,3
金湖县,3
盱眙县,3
涟水县,3
平湖市,3
桐乡市,3
吴兴区,3
类乌齐,3
淮上区,3
禹会区,3
蚌山区,3
无为县,3
聂拉木,3
南陵县,3
繁昌县,3
芜湖县,3
三山区,3
鸠江区,3
弋江区,3
五河县,3
镜湖区,3
巢湖市,3
庐江县,3
肥西县,3
肥东县,3
长丰县,3
包河区,3
蜀山区,3
庐阳区,3
瑶海区,3
怀远县,3
谢通门,3
长涂岛,3
相山区,3
潜山县,3
怀宁县,3
宜秀区,3
大观区,3
迎江区,3
枞阳县,3
义安区,3
铜官区,3
濉溪县,3
烈山区,3
杜集区,3
固镇县,3
含山县,3
当涂县,3
博望区,3
雨山区,3
花山区,3
凤台县,3
潘集区,3
桑珠孜,3
南木林,3
大通区,3
虾峙岛,3
洋山岛,3
南浔区,3
武义县,3
开化县,3
常山县,3
衢江区,3
柯城区,3
永康市,3
东阳市,3
义乌市,3
兰溪市,3
磐安县,3
浦江县,3
金东区,3
江山市,3
婺城区,3
嵊州市,3
诸暨市,3
新昌县,3
上虞区,3
柯桥区,3
越城区,3
安吉县,3
长兴县,3
德清县,3
龙游县,3
定海区,3
泗礁岛,3
青田县,3
衢山岛,3
六横岛,3
金塘岛,3
龙泉市,3
庆元县,3
浪卡子,3
云和县,3
松阳县,3
遂昌县,3
缙云县,3
莲都区,3
岱山县,3
临海市,3
温岭市,3
仙居县,3
天台县,3
三门县,3
玉环市,3
路桥区,3
黄岩区,3
椒江区,3
嵊泗县,3
金坛区,3
新北区,3
图们市,3
钟楼区,3
南山区,3
工农区,3
向阳区,3
密山市,3
虎林市,3
鸡东县,3
阿克苏,3
麻山区,3
梨树区,3
滴道区,3
恒山区,3
鸡冠区,3
阿瓦提,3
讷河市,3
阿图什,3
阿克陶,3
阿合奇,3
拜泉县,3
克东县,3
克山县,3
富裕县,3
英吉沙,3
甘南县,3
兴安区,3
东山区,3
库尔勒,3
宝清县,3
大同区,3
红岗区,3
龙凤区,3
水磨沟,3
头屯河,3
达坂城,3
独山子,3
白碱滩,3
乌尔禾,3
饶河县,3
托克逊,3
兴山区,3
友谊县,3
巴里坤,3
集贤县,3
宝山区,3
呼图壁,3
玛纳斯,3
岭东区,3
尖山区,3
绥滨县,3
萝北县,3
泰来县,3
依安县,3
麦盖提,3
64团,3
北泉镇,3
阿拉尔,3
永安坝,3
工业园,3
道外区,3
南岗区,3
锡伯渡,3
双丰镇,3
九十团,3
63团,3
66团,3
平房区,3
67团,3
68团,3
一牧场,3
道里区,3
安图县,3
汪清县,3
和龙市,3
龙井市,3
珲春市,3
敦化市,3
吉木乃,3
哈巴河,3
岳普湖,3
木兰县,3
龙江县,3
和田市,3
和田县,3
铁锋区,3
建华区,3
龙沙区,3
五常市,3
尚志市,3
延寿县,3
通河县,3
巴彦县,3
松北区,3
特克斯,3
尼勒克,3
方正县,3
依兰县,3
双城区,3
阿城区,3
呼兰区,3
阿勒泰,3
布尔津,3
香坊区,3
沙坡头,3
肇州县,3
肇源县,3
静安区,3
崇明区,3
奉贤区,3
青浦区,3
松江区,3
金山区,3
嘉定区,3
闵行区,3
杨浦区,3
虹口区,3
普陀区,3
长宁区,3
秦淮区,3
徐汇区,3
黄浦区,3
漠河县,3
塔河县,3
呼玛县,3
东乡族,3
积石山,3
呼中区,3
松岭区,3
新林区,3
玄武区,3
建邺区,3
肇东市,3
新吴区,3
天宁区,3
邳州市,3
新沂市,3
睢宁县,3
铜山区,3
泉山区,3
贾汪区,3
云龙区,3
宜兴市,3
江阴市,3
梁溪区,3
鼓楼区,3
滨湖区,3
阿克塞,3
惠山区,3
锡山区,3
高淳区,3
溧水区,3
六合区,3
江宁区,3
栖霞区,3
浦口区,3
海伦市,3
安达市,3
林甸县,3
带岭区,3
桦川县,3
桦南县,3
东风区,3
前进区,3
铁力市,3
嘉荫县,3
曲麻莱,3
格尔木,3
德令哈,3
红星区,3
五营区,3
同江市,3
美溪区,3
大武口,3
新青区,3
翠峦区,3
西林区,3
红寺堡,3
友好区,3
南岔区,3
青铜峡,3
伊春区,3
汤原县,3
富锦市,3
绥棱县,3
爱辉区,3
明水县,3
庆安县,3
青冈县,3
兰西县,3
望奎县,3
北林区,3
北安市,3
孙吴县,3
逊克县,3
嫩江县,3
东宁市,3
抚远市,3
穆棱市,3
宁安市,3
海林市,3
林口县,3
爱民区,3
阳明区,3
东安区,3
勃利县,3
桃山区,3
新兴区,3
卧龙区,3
榆社县,3
方城县,3
静宁县,3
镇原县,3
正宁县,3
合水县,3
华池县,3
庆城县,3
西峰区,3
敦煌市,3
玉门市,3
瓜州县,3
金塔县,3
肃州区,3
庄浪县,3
乌马河,3
华亭县,3
崇信县,3
灵台县,3
泾川县,3
崆峒区,3
山丹县,3
高台县,3
临泽县,3
民乐县,3
甘州区,3
古浪县,3
安定区,3
通渭县,3
陇西县,3
渭源县,3
夏河县,3
乌伊岭,3
碌曲县,3
上甘岭,3
玛曲县,3
迭部县,3
舟曲县,3
卓尼县,3
临潭县,3
合作市,3
和政县,3
广河县,3
永靖县,3
康乐县,3
茄子河,3
临夏县,3
临夏市,3
两当县,3
西和县,3
宕昌县,3
绥芬河,3
武都区,3
临洮县,3
民勤县,3
凉州区,3
武山县,3
丹凤县,3
软件园,3
商州区,3
白河县,3
旬阳县,3
镇坪县,3
平利县,3
岚皋县,3
紫阳县,3
宁陕县,3
石泉县,3
汉阴县,3
汉滨区,3
神木市,3
张家港,3
子洲县,3
清涧县,3
吴堡县,3
米脂县,3
绥德县,3
定边县,3
靖边县,3
府谷县,3
横山区,3
洛南县,3
商南县,3
甘谷县,3
山阳县,3
秦安县,3
清水县,3
麦积区,3
秦州区,3
景泰县,3
会宁县,3
靖远县,3
雨花台,3
平川区,3
白银区,3
永昌县,3
金川区,3
镜铁区,3
长城区,3
雄关区,3
榆中县,3
皋兰县,3
永登县,3
红古区,3
安宁区,3
西固区,3
柞水县,3
镇安县,3
汤旺河,3
城东区,3
陆良县,3
梅河口,3
和硕县,3
和静县,3
公主岭,3
且末县,3
若羌县,3
尉犁县,3
轮台县,3
温泉县,3
二道江,3
精河县,3
博乐市,3
奇台县,3
金山屯,3
阜康市,3
昌吉市,3
伊吾县,3
伊州区,3
鄯善县,3
高昌区,3
米东区,3
新市区,3
天山区,3
海原县,3
中宁县,3
博湖县,3
温宿县,3
库车县,3
沙雅县,3
兴隆台,3
奎屯市,3
伊宁市,3
民丰县,3
于田县,3
策勒县,3
洛浦县,3
调兵山,3
皮山县,3
墨玉县,3
巴楚县,3
伽师县,3
叶城县,3
莎车县,3
泽普县,3
疏勒县,3
疏附县,3
喀什市,3
乌恰县,3
柯坪县,3
乌什县,3
拜城县,3
新和县,3
彭阳县,3
泾源县,3
隆德县,3
久治县,3
甘德县,3
班玛县,3
玛沁县,3
贵南县,3
兴海县,3
贵德县,3
同德县,3
共和县,3
泽库县,3
四方台,3
尖扎县,3
同仁县,3
刚察县,3
海晏县,3
祁连县,3
萨尔图,3
让胡路,3
平安区,3
乐都区,3
湟源县,3
湟中县,3
城北区,3
城西区,3
达日县,3
玛多县,3
西吉县,3
玉树市,3
原州区,3
同心县,3
盐池县,3
利通区,3
平罗县,3
惠农区,3
灵武市,3
贺兰县,3
永宁县,3
金凤区,3
昂昂溪,3
碾子山,3
梅里斯,3
西夏区,3
兴庆区,3
天峻县,3
都兰县,3
乌兰县,3
囊谦县,3
治多县,3
称多县,3
杂多县,3
城子河,3
榆阳区,3
佛坪县,3
留坝县,3
田家庵,3
梁河县,3
瑞丽市,3
鹤庆县,3
剑川县,3
洱源县,3
龙子湖,3
云龙县,3
永平县,3
弥渡县,3
宾川县,3
祥云县,3
谢家集,3
镇巴县,3
八公山,3
大理市,3
勐腊县,3
勐海县,3
景洪市,3
富宁县,3
广南县,3
丘北县,3
马关县,3
西畴县,3
砚山县,3
盈江县,3
陇川县,3
泸水市,3
福贡县,3
卡若区,3
岗巴县,3
萨嘎县,3
吉隆县,3
亚东县,3
仲巴县,3
定结县,3
康马县,3
仁布县,3
白朗县,3
昂仁县,3
拉孜县,3
萨迦县,3
定日县,3
江孜县,3
达孜县,3
朱家尖,3
曲水县,3
尼木县,3
当雄县,3
林周县,3
城关区,3
德钦县,3
文山市,3
绿春县,3
元阳县,3
威信县,3
镇雄县,3
绥江县,3
永善县,3
大关县,3
盐津县,3
巧家县,3
鲁甸县,3
昭阳区,3
腾冲市,3
昌宁县,3
龙陵县,3
施甸县,3
隆阳区,3
易门县,3
华宁县,3
通海县,3
澄江县,3
江川区,3
红塔区,3
宣威市,3
会泽县,3
富源县,3
罗平县,3
彝良县,3
水富县,3
泸西县,3
古城区,3
石屏县,3
建水县,3
弥勒市,3
蒙自市,3
开远市,3
个旧市,3
禄丰县,3
武定县,3
元谋县,3
永仁县,3
大姚县,3
姚安县,3
南华县,3
牟定县,3
双柏县,3
楚雄市,3
镇康县,3
永德县,3
凤庆县,3
临翔区,3
思茅区,3
华坪县,3
永胜县,3
江达县,3
贡觉县,3
丁青县,3
合阳县,3
潼关县,3
华州区,3
临渭区,3
兴平市,3
武功县,3
淳化县,3
旬邑县,3
长武县,3
永寿县,3
礼泉县,3
泾阳县,3
三原县,3
渭城区,3
杨陵区,3
秦都区,3
太白县,3
麟游县,3
千阳县,3
扶风县,3
岐山县,3
凤翔县,3
陈仓区,3
金台区,3
大荔县,3
澄城县,3
宜君县,3
蒲城县,3
略阳县,3
宁强县,3
西乡县,3
清江浦,3
城固县,3
南郑县,3
汉台区,3
黄陵县,3
黄龙县,3
宜川县,3
洛川县,3
甘泉县,3
吴起县,3
志丹县,3
子长县,3
延川县,3
延长县,3
安塞区,3
宝塔区,3
华阴市,3
韩城市,3
富平县,3
白水县,3
渭滨区,3
耀州区,3
察雅县,3
聂荣县,3
嘉黎县,3
那曲县,3
错那县,3
隆子县,3
加查县,3
洛扎县,3
措美县,3
曲松县,3
琼结县,3
桑日县,3
贡嘎县,3
扎囊县,3
乃东区,3
察隅县,3
波密县,3
墨脱县,3
米林县,3
巴宜区,3
边坝县,3
洛隆县,3
芒康县,3
左贡县,3
八宿县,3
比如县,3
安多县,3
印台区,3
申扎县,3
王益区,3
周至县,3
蓝田县,3
鄠邑区,3
高陵区,3
临潼区,3
阎良区,3
雁塔区,3
未央区,3
灞桥区,3
莲湖区,3
碑林区,3
措勤县,3
改则县,3
革吉县,3
日土县,3
噶尔县,3
札达县,3
普兰县,3
双湖县,3
尼玛县,3
巴青县,3
班戈县,3
双台子,3
伊宁县,3
太子河,3
水里乡,3
莿桐乡,3
大埤乡,3
古坑乡,3
北港镇,3
土库镇,3
西螺镇,3
虎尾镇,3
斗南镇,3
斗六市,3
仁爱乡,3
信义乡,3
国姓乡,3
竹北市,3
鱼池乡,3
中寮乡,3
鹿谷乡,3
名间乡,3
集集镇,3
竹山镇,3
草屯镇,3
埔里镇,3
溪州乡,3
竹塘乡,3
大城乡,3
林内乡,3
二仑乡,3
仑背乡,3
麦寮乡,3
竹崎乡,3
中埔乡,3
水上乡,3
鹿草乡,3
义竹乡,3
东石乡,3
六脚乡,3
新港乡,3
溪口乡,3
民雄乡,3
高碑店,3
大林镇,3
下花园,3
布袋镇,3
朴子市,3
太保市,3
水林乡,3
口湖乡,3
四湖乡,3
元长乡,3
台西乡,3
褒忠乡,3
东势乡,3
芳苑乡,3
埤头乡,3
田尾乡,3
西湖乡,3
头屋乡,3
南庄乡,3
铜锣乡,3
公馆乡,3
大湖乡,3
卓兰镇,3
后龙镇,3
头份市,3
竹南镇,3
通霄镇,3
苑里镇,3
苗栗市,3
五峰乡,3
尖石乡,3
峨眉乡,3
宝山乡,3
北埔乡,3
横山乡,3
芎林乡,3
新丰乡,3
湖口乡,3
关西镇,3
新埔镇,3
三义乡,3
造桥乡,3
二林镇,3
三湾乡,3
北斗镇,3
二水乡,3
社头乡,3
永靖乡,3
埔心乡,3
埔盐乡,3
大村乡,3
田中镇,3
溪湖镇,3
员林市,3
芬园乡,3
花坛乡,3
秀水乡,3
福兴乡,3
伸港乡,3
线西乡,3
和美镇,3
鹿港镇,3
杏花岭,3
尖草坪,3
万柏林,3
泰安乡,3
狮潭乡,3
梅山乡,3
番路乡,3
大埔乡,3
东引乡,3
北竿乡,3
南竿乡,3
乌丘乡,3
烈屿乡,3
金宁乡,3
金沙镇,3
金湖镇,3
金城镇,3
七美乡,3
望安乡,3
西屿乡,3
白沙乡,3
湖西乡,3
马公市,3
高新区,3
卓溪乡,3
万荣乡,3
秀林乡,3
富里乡,3
瑞穗乡,3
丰滨乡,3
曹妃甸,3
光复乡,3
莒光乡,3
观塘区,3
吉安乡,3
荃湾区,3
章丘县,3
建阳市,3
石景山,3
玉环县,3
门头沟,3
上虞市,3
富阳市,3
吴江市,3
金坛市,3
双城市,3
阿城市,3
冀州市,3
开发区,3
满城县,3
锡山市,3
大堂区,3
离岛区,3
葵青区,3
沙田区,3
西贡区,3
大埔区,3
元朗区,3
屯门区,3
寿丰乡,3
新城乡,3
屏东市,3
雾台乡,3
满州乡,3
车城乡,3
琉球乡,3
佳冬乡,3
南州乡,3
林边乡,3
崁顶乡,3
新园乡,3
枋寮乡,3
新埤乡,3
竹田乡,3
内埔乡,3
万峦乡,3
高树乡,3
盐埔乡,3
里港乡,3
九如乡,3
麟洛乡,3
长治乡,3
万丹乡,3
恒春镇,3
东港镇,3
潮州镇,3
枋山乡,3
玛家乡,3
玉里镇,3
泰武乡,3
凤林镇,3
花莲市,3
兰屿乡,3
山海关,3
北戴河,3
达仁乡,3
金峰乡,3
延平乡,3
海端乡,3
绿岛乡,3
大武乡,3
长滨乡,3
东河乡,3
池上乡,3
鹿野乡,3
卑南乡,3
关山镇,3
成功镇,3
台东市,3
牡丹乡,3
狮子乡,3
春日乡,3
来义乡,3
竹东镇,3
复兴乡,3
弓长岭,3
西苏旗,3
乌后旗,3
内门区,3
杉林区,3
甲仙区,3
六龟区,3
美浓区,3
旗山区,3
梓官区,3
阿尔山,3
弥陀区,3
东苏旗,3
东乌旗,3
观音乡,3
西乌旗,3
永安区,3
镶黄旗,3
正蓝旗,3
茄萣区,3
阿左旗,3
阿右旗,3
额济纳,3
湖内区,3
路竹区,3
阿莲区,3
乌中旗,3
乌前旗,3
茂林区,3
桃源区,3
北屯区,3
南屯区,3
西屯区,3
扎鲁特,3
安乐区,3
康巴什,3
达拉特,3
准格尔,3
鄂前旗,3
鄂托克,3
杭锦旗,3
乌审旗,3
海拉尔,3
阿荣旗,3
仁爱区,3
鄂伦春,3
暖暖区,3
新左旗,3
新右旗,3
满洲里,3
牙克石,3
扎兰屯,3
七堵区,3
田寮区,3
苏家屯,3
浑南区,3
士林区,3
南港区,3
文山区,3
万华区,3
中正区,3
信义区,3
丰庆镇,3
海川镇,3
青河县,3
福海县,3
富蕴县,3
裕民县,3
托里县,3
鲅鱼圈,3
沙湾县,3
额敏县,3
大石桥,3
乌苏市,3
塔城市,3
清河门,3
昭苏县,3
新源县,3
巩留县,3
霍城县,3
内湖区,3
北投区,3
燕巢区,3
盐埕区,3
桥头区,3
冈山区,3
鸟松区,3
仁武区,3
大社区,3
大树区,3
大寮区,3
沙河口,3
甘井子,3
旅顺口,3
林园区,3
普兰店,3
凤山区,3
瓦房店,3
小港区,3
旗津区,3
前镇区,3
苓雅区,3
前金区,3
三民区,3
楠梓区,3
左营区,3
鼓山区,3
科尔沁,3
丰原区,3
东势区,3
贡寮区,3
平溪区,3
八里区,3
石门区,3
三芝区,3
坪林区,3
石碇区,3
深坑区,3
林口区,3
五股区,3
芦洲区,3
土城区,3
瑞芳区,3
汐止区,3
淡水区,3
三峡区,3
莺歌区,3
树林区,3
新店区,3
新庄区,3
永和区,3
中和区,3
三重区,3
板桥区,3
双溪区,3
万里区,3
永康区,3
乌来区,3
新屋乡,3
龙潭乡,3
龟山乡,3
大园乡,3
大溪镇,3
芦竹市,3
杨梅市,3
八德市,3
平镇市,3
中坜市,3
桃园市,3
南澳乡,3
大同乡,3
三星乡,3
五结乡,3
冬山乡,3
员山乡,3
壮围乡,3
礁溪乡,3
头城镇,3
苏澳镇,3
罗东镇,3
宜兰市,3
香山区,3
龙崎区,3
大甲区,3
安平区,3
托克托,3
清水河,3
安南区,3
大里区,3
昆都仑,3
雾峰区,3
龙井区,3
大肚区,3
土右旗,3
乌日区,3
达茂旗,3
海勃湾,3
外埔区,3
石冈区,3
新社区,3
元宝山,3
大雅区,3
潭子区,3
神冈区,3
后里区,3
梧栖区,3
沙鹿区,3
清水区,3
土左旗,3
新营区,3
关庙区,3
盐水区,3
归仁区,3
仁德区,3
左镇区,3
南化区,3
楠西区,3
玉井区,3
山上区,3
善化区,3
新化区,3
北门区,3
将军区,3
七股区,3
西港区,3
学甲区,3
佳里区,3
大内区,3
官田区,3
六甲区,3
下营区,3
麻豆区,3
后壁区,3
柳营区,3
白河区,3
西峡县,3
师宗县,3
马龙县,3
澄海区,3
开平市,3
台山市,3
新会区,3
江海区,3
蓬江区,3
高明区,3
三水区,3
顺德区,3
南海区,3
禅城区,3
南澳县,3
潮南区,3
龙门县,3
潮阳区,3
濠江区,3
金平区,3
龙湖区,3
金湾区,3
岳阳楼,3
斗门区,3
香洲区,3
坪山区,3
龙华区,3
盐田区,3
鹤山市,3
恩平市,3
赤坎区,3
霞山区,3
博罗县,3
惠阳区,3
惠城区,3
四会市,3
德庆县,3
封开县,3
怀集县,3
广宁县,3
高要区,3
鼎湖区,3
端州区,3
信宜市,3
化州市,3
高州市,3
电白区,3
茂南区,3
吴川市,3
雷州市,3
廉江市,3
徐闻县,3
遂溪县,3
麻章区,3
坡头区,3
龙岗区,3
宝安区,3
福田区,3
花垣县,3
冷水滩,3
泸溪县,3
吉首市,3
涟源市,3
新化县,3
双峰县,3
娄星区,3
洪江市,3
会同县,3
溆浦县,3
辰溪县,3
沅陵县,3
中方县,3
鹤城区,3
新田县,3
蓝山县,3
宁远县,3
冷水江,3
江永县,3
双牌县,3
东安县,3
祁阳县,3
零陵区,3
凤凰县,3
保靖县,3
罗湖区,3
古丈县,3
南雄市,3
乐昌市,3
新丰县,3
翁源县,3
仁化县,3
始兴县,3
武陵源,3
曲江区,3
浈江区,3
武江区,3
增城区,3
从化区,3
南沙区,3
花都区,3
番禺区,3
黄埔区,3
白云区,3
天河区,3
海珠区,3
越秀区,3
荔湾区,3
龙山县,3
永顺县,3
惠东县,3
净潭乡,3
横栏镇,3
阳山县,3
横沥镇,3
企石镇,3
石排镇,3
茶山镇,3
石龙镇,3
石碣镇,3
万江区,3
南城区,3
莞城区,3
连州市,3
英德市,3
佛冈县,3
石河镇,3
清新区,3
清城区,3
阳春市,3
阳西县,3
阳东区,3
江城区,3
东源县,3
和平县,3
连平县,3
龙川县,3
紫金县,3
谢岗镇,3
东坑镇,3
常平镇,3
寮步镇,3
沾益区,3
小榄镇,3
阜沙镇,3
东凤镇,3
南头镇,3
黄圃镇,3
石岐区,3
长安镇,3
老河口,3
凤岗镇,3
厚街镇,3
梁子湖,3
虎门镇,3
塘厦镇,3
道滘镇,3
沙田镇,3
清溪镇,3
洪梅镇,3
黄江镇,3
高埗镇,3
中堂镇,3
麻涌镇,3
大朗镇,3
源城区,3
陆丰市,3
陆河县,3
老新镇,3
渔洋镇,3
龙湾镇,3
浩口镇,3
张金镇,3
多宝镇,3
拖市镇,3
张港镇,3
蒋场镇,3
汪场镇,3
渔薪镇,3
黄潭镇,3
岳口镇,3
横林镇,3
彭市镇,3
麻洋镇,3
多祥镇,3
干驿镇,3
马湾镇,3
卢市镇,3
小板镇,3
九真镇,3
皂市镇,3
胡市镇,3
王场镇,3
熊口镇,3
海丰县,3
梅江区,3
兴宁市,3
松柏镇,3
阳日镇,3
木鱼镇,3
红坪镇,3
新华镇,3
大九湖,3
蕉岭县,3
郑场镇,3
毛嘴镇,3
豆河镇,3
胡场镇,3
沙湖镇,3
彭场镇,3
张沟镇,3
郭河镇,3
沔城镇,3
陈场镇,3
平远县,3
五华县,3
丰顺县,3
大埔县,3
梅县区,3
资兴市,3
安仁县,3
桂东县,3
竹溪县,3
襄城区,3
枝江市,3
当阳市,3
宜都市,3
秭归县,3
兴山县,3
远安县,3
夷陵区,3
猇亭区,3
点军区,3
西陵区,3
竹山县,3
汝城县,3
郧西县,3
郧阳区,3
张湾区,3
茅箭区,3
大冶市,3
阳新县,3
铁山区,3
下陆区,3
西乡塘,3
新洲区,3
黄陂区,3
樊城区,3
襄州区,3
南漳县,3
谷城县,3
荆州区,3
沙市区,3
汉川市,3
安陆市,3
应城市,3
云梦县,3
樟木头,3
大岭山,3
望牛墩,3
大悟县,3
孝昌县,3
孝南区,3
钟祥市,3
沙洋县,3
京山县,3
掇刀区,3
东宝区,3
鄂城区,3
华容区,3
宜城市,3
五桂山,3
枣阳市,3
保康县,3
江夏区,3
蔡甸区,3
汉南区,3
淮滨县,3
固始县,3
商城县,3
光山县,3
罗山县,3
平桥区,3
浉河区,3
永城市,3
夏邑县,3
铁山港,3
虞城县,3
柘城县,3
宁陵县,3
民权县,3
睢阳区,3
梁园区,3
邓州市,3
桐柏县,3
新野县,3
唐河县,3
社旗县,3
淅川县,3
内乡县,3
镇平县,3
潢川县,3
川汇区,3
洪山区,3
扶沟县,3
武昌区,3
汉阳区,3
硚口区,3
江汉区,3
江岸区,3
新蔡县,3
遂平县,3
汝南县,3
泌阳县,3
确山县,3
正阳县,3
平舆县,3
上蔡县,3
西平县,3
驿城区,3
项城市,3
鹿邑县,3
太康县,3
淮阳县,3
郸城县,3
沈丘县,3
商水县,3
西华县,3
公安县,3
监利县,3
江陵县,3
湘阴县,3
岳阳县,3
君山区,3
云溪区,3
武冈市,3
新宁县,3
绥宁县,3
洞口县,3
隆回县,3
邵阳县,3
新邵县,3
邵东县,3
北塔区,3
大祥区,3
双清区,3
常宁市,3
耒阳市,3
祁东县,3
衡东县,3
衡山县,3
衡南县,3
衡阳县,3
南岳区,3
蒸湘区,3
华容县,3
平江县,3
雁峰区,3
汨罗市,3
临武县,3
嘉禾县,3
永兴县,3
宜章县,3
桂阳县,3
苏仙区,3
北湖区,3
沅江市,3
安化县,3
桃江县,3
赫山区,3
资阳区,3
桑植县,3
慈利县,3
津市市,3
石门县,3
桃源县,3
临澧县,3
汉寿县,3
安乡县,3
鼎城区,3
武陵区,3
临湘市,3
石鼓区,3
珠晖区,3
石首市,3
宣恩县,3
建始县,3
利川市,3
恩施市,3
广水市,3
曾都区,3
赤壁市,3
通山县,3
崇阳县,3
通城县,3
嘉鱼县,3
咸安区,3
武穴市,3
麻城市,3
黄梅县,3
蕲春县,3
浠水县,3
英山县,3
罗田县,3
红安县,3
团风县,3
黄州区,3
松滋市,3
洪湖市,3
巴东县,3
咸丰县,3
韶山市,3
来凤县,3
湘乡市,3
湘潭县,3
岳塘区,3
左权县,3
醴陵市,3
炎陵县,3
茶陵县,3
株洲县,3
天元区,3
石峰区,3
芦淞区,3
荷塘区,3
浏阳市,3
宁乡市,3
长沙县,3
望城区,3
大亚湾,3
雨花区,3
开福区,3
岳麓区,3
天心区,3
芙蓉区,3
鹤峰县,3
古镇镇,3
东升镇,3
三角镇,3
万源市,3
通江县,3
恩阳区,3
巴州区,3
宝兴县,3
芦山县,3
天全县,3
石棉县,3
汉源县,3
荥经县,3
名山区,3
雨城区,3
大竹县,3
罗江县,3
开江县,3
宣汉县,3
达川区,3
通川区,3
华蓥市,3
邻水县,3
武胜县,3
岳池县,3
前锋区,3
广安区,3
屏山县,3
南江县,3
平昌县,3
雁江区,3
安岳县,3
色达县,3
石渠县,3
白玉县,3
德格县,3
新龙县,3
井冈山,3
甘孜县,3
炉霍县,3
道孚县,3
雅江县,3
九龙县,3
丹巴县,3
泸定县,3
康定市,3
红原县,3
阿坝县,3
壤塘县,3
黑水县,3
小金县,3
金川县,3
松潘县,3
汶川县,3
乐至县,3
兴文县,3
筠连县,3
长宁县,3
资中县,3
东兴区,3
大英县,3
射洪县,3
蓬溪县,3
安居区,3
船山区,3
苍溪县,3
剑阁县,3
青川县,3
旺苍县,3
朝天区,3
昭化区,3
利州区,3
江油市,3
平武县,3
梓潼县,3
盐亭县,3
三台县,3
安州区,3
游仙区,3
涪城区,3
绵竹市,3
什邡市,3
威远县,3
隆昌市,3
江安县,3
沙湾区,3
宜宾县,3
南溪区,3
翠屏区,3
青神县,3
丹棱县,3
洪雅县,3
仁寿县,3
彭山区,3
东坡区,3
阆中市,3
西充县,3
台儿庄,3
仪陇县,3
蓬安县,3
营山县,3
南部县,3
嘉陵区,3
高坪区,3
顺庆区,3
沐川县,3
夹江县,3
井研县,3
犍为县,3
理塘县,3
巴塘县,3
乡城县,3
雷山县,3
榕江县,3
黎平县,3
台江县,3
剑河县,3
锦屏县,3
天柱县,3
岑巩县,3
镇远县,3
三穗县,3
施秉县,3
黄平县,3
凯里市,3
安龙县,3
册亨县,3
望谟县,3
贞丰县,3
晴隆县,3
普安县,3
兴仁县,3
武夷山,3
德江县,3
思南县,3
石阡县,3
从江县,3
麻江县,3
万山区,3
丹寨县,3
麒麟区,3
安宁市,3
嵩明县,3
宜良县,3
富民县,3
晋宁区,3
呈贡区,3
东川区,3
西山区,3
官渡区,3
盘龙区,3
五华区,3
惠水县,3
龙里县,3
长顺县,3
罗甸县,3
平塘县,3
独山县,3
瓮安县,3
贵定县,3
荔波县,3
福泉市,3
都匀市,3
江口县,3
碧江区,3
稻城县,3
清镇市,3
息烽县,3
开阳县,3
乌当区,3
花溪区,3
云岩区,3
南明区,3
雷波县,3
美姑县,3
甘洛县,3
越西县,3
冕宁县,3
喜德县,3
昭觉县,3
金阳县,3
布拖县,3
普格县,3
宁南县,3
会东县,3
会理县,3
德昌县,3
盐源县,3
西昌市,3
得荣县,3
修文县,3
共青城,3
赫章县,3
钟山区,3
纳雍县,3
织金县,3
金沙县,3
黔西县,3
大方县,3
青云谱,3
青山湖,3
普定县,3
平坝区,3
西秀区,3
仁怀市,3
赤水市,3
习水县,3
余庆县,3
湄潭县,3
凤冈县,3
正安县,3
绥阳县,3
桐梓县,3
播州区,3
汇川区,3
盘州市,3
水城县,3
民众镇,3
广汉市,3
中江县,3
灌阳县,3
银海区,3
海城区,3
岑溪市,3
蒙山县,3
苍梧县,3
龙圩区,3
长洲区,3
万秀区,3
荔浦县,3
平乐县,3
资源县,3
永福县,3
田林县,3
兴安县,3
全州县,3
灵川县,3
阳朔县,3
临桂区,3
雁山区,3
七星区,3
象山区,3
叠彩区,3
秀峰区,3
融安县,3
合浦县,3
港口区,3
防城区,3
上思县,3
旌阳区,3
那坡县,3
德保县,3
平果县,3
田东县,3
田阳县,3
右江区,3
北流市,3
兴业县,3
博白县,3
陆川县,3
福绵区,3
玉州区,3
桂平市,3
平南县,3
覃塘区,3
港南区,3
港北区,3
浦北县,3
灵山县,3
钦北区,3
钦南区,3
东兴市,3
鹿寨县,3
柳城县,3
柳江区,3
郁南县,3
东西湖,3
云安区,3
云城区,3
普宁市,3
惠来县,3
揭西县,3
黄石港,3
西塞山,3
揭东区,3
榕城区,3
饶平县,3
潮安区,3
湘桥区,3
坦洲镇,3
神湾镇,3
板芙镇,3
三乡镇,3
沙溪镇,3
大涌镇,3
丹江口,3
港口镇,3
伍家岗,3
南朗镇,3
新兴县,3
罗定市,3
柳北区,3
兴宁区,3
柳南区,3
鱼峰区,3
东新区,3
城中区,3
宾阳县,3
上林县,3
马山县,3
隆安县,3
武鸣区,3
邕宁区,3
良庆区,3
克井镇,3
梨林镇,3
轵城镇,3
承留镇,3
坡头镇,3
大峪镇,3
邵原镇,3
思礼镇,3
王屋镇,3
下冶镇,3
江南区,3
青秀区,3
乐业县,3
凌云县,3
西林县,3
成华区,3
金牛区,3
青羊区,3
锦江区,3
巫溪县,3
巫山县,3
奉节县,3
云阳县,3
垫江县,3
丰都县,3
城口县,3
武隆区,3
梁平区,3
开州区,3
荣昌区,3
潼南区,3
铜梁区,3
璧山区,3
南川区,3
永川区,3
合川区,3
江津区,3
长寿区,3
黔江区,3
武侯区,3
东昌府,3
渝北区,3
新都区,3
古蔺县,3
叙永县,3
合江县,3
纳溪区,3
江阳区,3
盐边县,3
米易县,3
仁和区,3
富顺县,3
沿滩区,3
大安区,3
贡井区,3
简阳市,3
崇州市,3
邛崃市,3
彭州市,3
新津县,3
蒲江县,3
大邑县,3
金堂县,3
郫都区,3
双流区,3
温江区,3
靖西市,3
巴南区,3
大足区,3
海棠区,3
琼山区,3
秀英区,3
凭祥市,3
天等县,3
大新县,3
龙州县,3
宁明县,3
扶绥县,3
江州区,3
合山市,3
武宣县,3
象州县,3
忻城县,3
兴宾区,3
东兰县,3
凤山县,3
天峨县,3
南丹县,3
宜州区,3
钟山县,3
昭平县,3
平桂区,3
八步区,3
綦江区,3
美兰区,3
吉阳区,3
天涯区,3
北碚区,3
南岸区,3
禹王台,3
渝中区,3
涪陵区,3
万州区,3
三都镇,3
木棠镇,3
海头镇,3
排浦镇,3
王五镇,3
兰洋镇,3
峨蔓镇,3
中和镇,3
东成镇,3
光村镇,3
新州镇,3
大成镇,3
和庆镇,3
雅星镇,3
南丰镇,3
那大镇,3
崖州区,3
户县,2
冀中,2
通县,2
吴县,2
东城,2
楠西,2
大堂,2
濂溪,2
上栗,2
莲花,2
湘东,2
安源,2
乐平,2
浮梁,2
珠山,2
昌江,2
进贤,2
安义,2
南昌,2
新建,2
湾里,2
东湖,2
福鼎,2
福安,2
柘荣,2
周宁,2
寿宁,2
芦溪,2
浔阳,2
崇义,2
九江,2
大余,2
信丰,2
赣县,2
南康,2
章贡,2
贵溪,2
余江,2
月湖,2
分宜,2
渝水,2
庐山,2
瑞昌,2
彭泽,2
湖口,2
都昌,2
德安,2
永修,2
修水,2
武宁,2
屏南,2
古田,2
霞浦,2
蕉城,2
漳浦,2
云霄,2
龙文,2
芗城,2
南安,2
晋江,2
石狮,2
金门,2
德化,2
永春,2
安溪,2
惠安,2
泉港,2
洛江,2
丰泽,2
鲤城,2
永安,2
建宁,2
泰宁,2
诏安,2
长泰,2
南靖,2
邵武,2
漳平,2
连城,2
武平,2
上杭,2
长汀,2
永定,2
新罗,2
建瓯,2
政和,2
平和,2
松溪,2
光泽,2
浦城,2
顺昌,2
建阳,2
延平,2
龙海,2
华安,2
上犹,2
安远,2
沙县,2
市北,2
商河,2
济阳,2
平阴,2
章丘,2
长清,2
历城,2
天桥,2
槐荫,2
市中,2
历下,2
德兴,2
婺源,2
万年,2
鄱阳,2
余干,2
弋阳,2
横峰,2
铅山,2
玉山,2
市南,2
黄岛,2
龙南,2
崂山,2
东营,2
滕州,2
山亭,2
峄城,2
薛城,2
沂源,2
高青,2
桓台,2
周村,2
临淄,2
博山,2
张店,2
淄川,2
莱西,2
平度,2
即墨,2
胶州,2
城阳,2
李沧,2
上饶,2
广丰,2
信州,2
广昌,2
万安,2
遂川,2
泰和,2
永丰,2
新干,2
峡江,2
吉水,2
吉安,2
青原,2
吉州,2
瑞金,2
石城,2
寻乌,2
会昌,2
兴国,2
于都,2
宁都,2
全南,2
定南,2
安福,2
永新,2
袁州,2
东乡,2
资溪,2
金溪,2
宜黄,2
乐安,2
崇仁,2
南丰,2
黎川,2
南城,2
临川,2
奉新,2
高安,2
樟树,2
丰城,2
铜鼓,2
靖安,2
宜丰,2
上高,2
万载,2
将乐,2
尤溪,2
垦利,2
繁昌,2
三山,2
鸠江,2
弋江,2
镜湖,2
巢湖,2
庐江,2
肥西,2
肥东,2
长丰,2
包河,2
蜀山,2
庐阳,2
瑶海,2
虾峙,2
长涂,2
洋山,2
泗礁,2
舟山,2
衢山,2
芜湖,2
南陵,2
铜官,2
无为,2
烈山,2
相山,2
杜集,2
和县,2
含山,2
当涂,2
博望,2
雨山,2
花山,2
寿县,2
凤台,2
潘集,2
大通,2
固镇,2
五河,2
怀远,2
淮上,2
禹会,2
蚌山,2
六横,2
金塘,2
龙泉,2
景宁,2
常山,2
衢江,2
柯城,2
永康,2
东阳,2
义乌,2
兰溪,2
磐安,2
浦江,2
武义,2
金东,2
婺城,2
嵊州,2
诸暨,2
新昌,2
上虞,2
柯桥,2
越城,2
安吉,2
开化,2
龙游,2
江山,2
温岭,2
庆元,2
云和,2
松阳,2
遂昌,2
缙云,2
青田,2
莲都,2
临海,2
仙居,2
定海,2
天台,2
三门,2
玉环,2
路桥,2
黄岩,2
椒江,2
嵊泗,2
岱山,2
濉溪,2
义安,2
大田,2
罗源,2
闽侯,2
晋安,2
马尾,2
仓山,2
台江,2
宁国,2
旌德,2
绩溪,2
泾县,2
广德,2
郎溪,2
宣州,2
青阳,2
石台,2
东至,2
贵池,2
利辛,2
蒙城,2
涡阳,2
连江,2
闽清,2
枞阳,2
永泰,2
宁化,2
清流,2
明溪,2
三元,2
梅列,2
仙游,2
秀屿,2
荔城,2
涵江,2
城厢,2
翔安,2
同安,2
集美,2
湖里,2
海沧,2
思明,2
长乐,2
福清,2
平潭,2
谯城,2
霍山,2
金寨,2
舒城,2
南谯,2
琅琊,2
祁门,2
黟县,2
休宁,2
歙县,2
徽州,2
黄山,2
屯溪,2
桐城,2
岳西,2
望江,2
宿松,2
太湖,2
潜山,2
怀宁,2
宜秀,2
大观,2
迎江,2
来安,2
全椒,2
定远,2
埇桥,2
霍邱,2
叶集,2
裕安,2
金安,2
泗县,2
灵璧,2
萧县,2
砀山,2
界首,2
凤阳,2
颍上,2
阜南,2
临泉,2
颍泉,2
颍东,2
颍州,2
明光,2
天长,2
河口,2
利津,2
醴陵,2
江岸,2
遂平,2
汝南,2
泌阳,2
确山,2
正阳,2
平舆,2
上蔡,2
西平,2
驿城,2
项城,2
鹿邑,2
太康,2
淮阳,2
郸城,2
沈丘,2
商水,2
西华,2
扶沟,2
川汇,2
新蔡,2
江汉,2
点军,2
硚口,2
房县,2
竹溪,2
竹山,2
郧西,2
郧阳,2
张湾,2
茅箭,2
大冶,2
阳新,2
铁山,2
下陆,2
新洲,2
黄陂,2
江夏,2
蔡甸,2
汉南,2
洪山,2
武昌,2
汉阳,2
息县,2
淮滨,2
潢川,2
固始,2
镇平,2
西峡,2
方城,2
南召,2
卧龙,2
宛城,2
灵宝,2
义马,2
卢氏,2
渑池,2
陕州,2
湖滨,2
临颍,2
舞阳,2
召陵,2
郾城,2
源汇,2
长葛,2
禹州,2
内乡,2
淅川,2
社旗,2
虞城,2
商城,2
新县,2
光山,2
罗山,2
平桥,2
浉河,2
永城,2
夏邑,2
柘城,2
唐河,2
宁陵,2
睢县,2
民权,2
睢阳,2
梁园,2
邓州,2
桐柏,2
新野,2
西陵,2
猇亭,2
鄢陵,2
广华,2
宋洛,2
鹤峰,2
来凤,2
咸丰,2
宣恩,2
巴东,2
建始,2
利川,2
恩施,2
广水,2
随县,2
曾都,2
赤壁,2
通山,2
崇阳,2
通城,2
嘉鱼,2
咸安,2
武穴,2
园林,2
杨市,2
夷陵,2
周矶,2
茶陵,2
攸县,2
株洲,2
天元,2
石峰,2
芦淞,2
荷塘,2
浏阳,2
宁乡,2
长沙,2
望城,2
雨花,2
开福,2
岳麓,2
天心,2
芙蓉,2
高场,2
泰丰,2
泽口,2
麻城,2
黄梅,2
蕲春,2
浠水,2
京山,2
掇刀,2
东宝,2
鄂城,2
华容,2
宜城,2
枣阳,2
保康,2
谷城,2
南漳,2
襄州,2
樊城,2
枝江,2
当阳,2
宜都,2
五峰,2
长阳,2
秭归,2
远安,2
沙洋,2
钟祥,2
孝南,2
江陵,2
英山,2
罗田,2
红安,2
团风,2
黄州,2
松滋,2
洪湖,2
石首,2
监利,2
孝昌,2
公安,2
荆州,2
沙市,2
汉川,2
安陆,2
应城,2
云梦,2
大悟,2
襄城,2
建安,2
广饶,2
平原,2
临邑,2
庆云,2
宁津,2
陵城,2
德城,2
临沭,2
蒙阴,2
莒南,2
平邑,2
费县,2
兰陵,2
沂水,2
郯城,2
沂南,2
罗庄,2
兰山,2
钢城,2
莱城,2
莒县,2
齐河,2
夏津,2
成武,2
武城,2
曹县,2
定陶,2
牡丹,2
邹平,2
博兴,2
无棣,2
阳信,2
惠民,2
沾化,2
滨城,2
临清,2
高唐,2
冠县,2
东阿,2
茌平,2
莘县,2
阳谷,2
禹城,2
乐陵,2
五莲,2
岚山,2
乳山,2
荣成,2
诸城,2
青州,2
昌乐,2
临朐,2
奎文,2
坊子,2
寒亭,2
潍城,2
海阳,2
招远,2
蓬莱,2
莱州,2
莱阳,2
龙口,2
长岛,2
莱山,2
牟平,2
福山,2
芝罘,2
寿光,2
安丘,2
高密,2
邹城,2
文登,2
环翠,2
肥城,2
新泰,2
东平,2
宁阳,2
岱岳,2
泰山,2
曲阜,2
任城,2
梁山,2
泗水,2
汶上,2
嘉祥,2
金乡,2
鱼台,2
微山,2
兖州,2
单县,2
巨野,2
魏都,2
原阳,2
新乡,2
牧野,2
凤泉,2
卫滨,2
红旗,2
淇县,2
浚县,2
淇滨,2
山城,2
鹤山,2
林州,2
内黄,2
滑县,2
汤阴,2
安阳,2
龙安,2
殷都,2
北关,2
文峰,2
获嘉,2
延津,2
郓城,2
封丘,2
濮阳,2
台前,2
范县,2
南乐,2
清丰,2
华龙,2
孟州,2
沁阳,2
温县,2
武陟,2
博爱,2
修武,2
山阳,2
马村,2
中站,2
解放,2
辉县,2
卫辉,2
长垣,2
汝州,2
舞钢,2
郏县,2
鲁山,2
通许,2
杞县,2
祥符,2
顺河,2
龙亭,2
登封,2
新郑,2
新密,2
荥阳,2
巩义,2
中牟,2
惠济,2
上街,2
金水,2
管城,2
二七,2
中原,2
东明,2
鄄城,2
尉氏,2
兰考,2
老城,2
宜阳,2
叶县,2
宝丰,2
湛河,2
石龙,2
卫东,2
偃师,2
伊川,2
洛宁,2
汝阳,2
西工,2
嵩县,2
栾川,2
新安,2
孟津,2
洛龙,2
吉利,2
涧西,2
瀍河,2
长兴,2
德清,2
南浔,2
平陆,2
垣曲,2
绛县,2
新绛,2
稷山,2
闻喜,2
万荣,2
临猗,2
盐湖,2
介休,2
灵石,2
平遥,2
祁县,2
太谷,2
寿阳,2
昔阳,2
和顺,2
左权,2
榆社,2
榆次,2
夏县,2
芮城,2
古县,2
永济,2
襄汾,2
翼城,2
曲沃,2
尧都,2
原平,2
偏关,2
保德,2
河曲,2
岢岚,2
五寨,2
神池,2
静乐,2
宁武,2
繁峙,2
代县,2
五台,2
定襄,2
忻府,2
河津,2
怀仁,2
右玉,2
应县,2
山阴,2
左云,2
浑源,2
灵丘,2
广灵,2
天镇,2
阳高,2
新荣,2
南郊,2
矿区,2
城区,2
古交,2
娄烦,2
阳曲,2
清徐,2
晋源,2
迎泽,2
小店,2
深州,2
阜城,2
大同,2
郊区,2
平定,2
沁源,2
平鲁,2
朔城,2
高平,2
泽州,2
陵川,2
阳城,2
沁水,2
潞城,2
沁县,2
盂县,2
武乡,2
长子,2
壶关,2
黎城,2
平顺,2
屯留,2
襄垣,2
长治,2
洪洞,2
安泽,2
故城,2
沈河,2
太旗,2
突泉,2
丰镇,2
凉城,2
兴和,2
商都,2
化德,2
卓资,2
集宁,2
磴口,2
五原,2
临河,2
根河,2
陈旗,2
莫旗,2
东胜,2
奈曼,2
库伦,2
开鲁,2
多伦,2
大东,2
浮山,2
皇姑,2
新抚,2
海城,2
岫岩,2
台安,2
千山,2
立山,2
铁东,2
庄河,2
长海,2
金州,2
西岗,2
中山,2
新民,2
法库,2
康平,2
辽中,2
于洪,2
沈北,2
铁西,2
敖汉,2
宁城,2
喀旗,2
翁旗,2
中阳,2
方山,2
岚县,2
石楼,2
柳林,2
临县,2
兴县,2
交城,2
文水,2
离石,2
霍州,2
侯马,2
汾西,2
蒲县,2
永和,2
隰县,2
大宁,2
乡宁,2
吉县,2
交口,2
孝义,2
汾阳,2
海南,2
克旗,2
林西,2
右旗,2
左旗,2
阿旗,2
松山,2
红山,2
乌达,2
固阳,2
新城,2
九原,2
石拐,2
青山,2
东河,2
武川,2
赛罕,2
玉泉,2
回民,2
景县,2
安平,2
吴兴,2
昌黎,2
抚宁,2
海港,2
迁安,2
遵化,2
玉田,2
迁西,2
乐亭,2
滦南,2
滦县,2
丰润,2
丰南,2
开平,2
古冶,2
路北,2
路南,2
新乐,2
晋州,2
辛集,2
赵县,2
青龙,2
卢龙,2
柏乡,2
邯山,2
临城,2
邢台,2
桥东,2
武安,2
曲周,2
魏县,2
馆陶,2
广平,2
鸡泽,2
邱县,2
磁县,2
涉县,2
大名,2
成安,2
临漳,2
永年,2
肥乡,2
复兴,2
丛台,2
元氏,2
平山,2
无极,2
赞皇,2
东丽,2
红桥,2
河北,2
南开,2
河西,2
河东,2
和平,2
延庆,2
密云,2
平谷,2
怀柔,2
大兴,2
昌平,2
顺义,2
通州,2
房山,2
海淀,2
丰台,2
朝阳,2
西青,2
津南,2
北辰,2
藁城,2
深泽,2
高邑,2
灵寿,2
行唐,2
正定,2
井陉,2
栾城,2
鹿泉,2
裕华,2
武清,2
新华,2
桥西,2
长安,2
蓟州,2
静海,2
宁河,2
滨海,2
宝坻,2
内丘,2
隆尧,2
饶阳,2
吴桥,2
肃宁,2
盐山,2
海兴,2
东光,2
青县,2
沧县,2
运河,2
平泉,2
围场,2
宽城,2
丰宁,2
隆化,2
滦平,2
兴隆,2
承德,2
双滦,2
双桥,2
赤城,2
涿鹿,2
南皮,2
献县,2
任县,2
孟村,2
武强,2
武邑,2
枣强,2
冀州,2
桃城,2
三河,2
霸州,2
大厂,2
文安,2
大城,2
香河,2
永清,2
固安,2
广阳,2
安次,2
河间,2
黄骅,2
任丘,2
泊头,2
怀来,2
怀安,2
阳原,2
蔚县,2
定兴,2
阜平,2
涞水,2
徐水,2
清苑,2
满城,2
莲池,2
竞秀,2
沙河,2
南宫,2
临西,2
清河,2
威县,2
平乡,2
广宗,2
新河,2
巨鹿,2
宁晋,2
南和,2
唐县,2
高阳,2
容城,2
定州,2
尚义,2
沽源,2
康保,2
张北,2
崇礼,2
万全,2
宣化,2
安国,2
涿州,2
涞源,2
雄县,2
博野,2
顺平,2
蠡县,2
曲阳,2
易县,2
安新,2
望都,2
东洲,2
望花,2
顺城,2
云龙,2
江阴,2
新吴,2
梁溪,2
滨湖,2
惠山,2
锡山,2
高淳,2
溧水,2
六合,2
江宁,2
栖霞,2
浦口,2
鼓楼,2
建邺,2
秦淮,2
玄武,2
崇明,2
奉贤,2
青浦,2
宜兴,2
贾汪,2
崇川,2
泉山,2
昆山,2
常熟,2
吴江,2
姑苏,2
相城,2
吴中,2
虎丘,2
溧阳,2
金坛,2
武进,2
新北,2
钟楼,2
天宁,2
邳州,2
新沂,2
睢宁,2
沛县,2
丰县,2
铜山,2
松江,2
金山,2
浦东,2
嘉定,2
望奎,2
北林,2
北安,2
孙吴,2
逊克,2
嫩江,2
爱辉,2
东宁,2
穆棱,2
宁安,2
海林,2
林口,2
爱民,2
阳明,2
东安,2
勃利,2
桃山,2
新兴,2
抚远,2
兰西,2
青冈,2
庆安,2
漠河,2
闵行,2
杨浦,2
虹口,2
普陀,2
静安,2
长宁,2
徐汇,2
黄浦,2
塔河,2
明水,2
呼玛,2
呼中,2
松岭,2
新林,2
海伦,2
肇东,2
安达,2
绥棱,2
太仓,2
港闸,2
抚顺,2
象山,2
鄞州,2
镇海,2
北仑,2
江北,2
海曙,2
临安,2
建德,2
淳安,2
桐庐,2
富阳,2
余杭,2
萧山,2
滨江,2
西湖,2
拱墅,2
江干,2
下城,2
上城,2
泗洪,2
奉化,2
宁海,2
海安,2
余姚,2
桐乡,2
平湖,2
海宁,2
海盐,2
嘉善,2
秀洲,2
南湖,2
乐清,2
瑞安,2
泰顺,2
文成,2
苍南,2
平阳,2
永嘉,2
洞头,2
瓯海,2
龙湾,2
鹿城,2
慈溪,2
泗阳,2
沭阳,2
宿豫,2
宿城,2
响水,2
大丰,2
盐都,2
亭湖,2
金湖,2
盱眙,2
涟水,2
洪泽,2
淮阴,2
淮安,2
灌南,2
灌云,2
东海,2
赣榆,2
连云,2
海门,2
如皋,2
启东,2
如东,2
阜宁,2
射阳,2
建湖,2
丹阳,2
泰兴,2
靖江,2
兴化,2
姜堰,2
高港,2
海陵,2
句容,2
扬中,2
丹徒,2
东台,2
润州,2
京口,2
高邮,2
仪征,2
宝应,2
江都,2
邗江,2
广陵,2
富锦,2
同江,2
汤原,2
永吉,2
船营,2
龙潭,2
昌邑,2
德惠,2
榆树,2
农安,2
九台,2
双阳,2
绿园,2
二道,2
南关,2
兴城,2
建昌,2
绥中,2
南票,2
龙港,2
连山,2
凌源,2
北票,2
丰满,2
蛟河,2
桦川,2
桦甸,2
长白,2
靖宇,2
抚松,2
江源,2
浑江,2
集安,2
柳河,2
辉南,2
通化,2
东昌,2
东辽,2
东丰,2
西安,2
龙山,2
双辽,2
伊通,2
梨树,2
磐石,2
舒兰,2
建平,2
龙城,2
双塔,2
开原,2
凌海,2
义县,2
黑山,2
太和,2
凌河,2
古塔,2
凤城,2
东港,2
宽甸,2
振安,2
振兴,2
元宝,2
桓仁,2
本溪,2
南芬,2
明山,2
溪湖,2
清原,2
新宾,2
北镇,2
站前,2
西市,2
宏伟,2
昌图,2
西丰,2
铁岭,2
银州,2
盘山,2
大洼,2
灯塔,2
辽阳,2
文圣,2
老边,2
白塔,2
彰武,2
阜新,2
细河,2
太平,2
新邱,2
海州,2
盖州,2
临江,2
宁江,2
长岭,2
讷河,2
友谊,2
集贤,2
宝山,2
岭东,2
尖山,2
绥滨,2
萝北,2
兴山,2
东山,2
兴安,2
南山,2
工农,2
向阳,2
密山,2
虎林,2
鸡东,2
麻山,2
滴道,2
恒山,2
宝清,2
饶河,2
龙凤,2
美溪,2
桦南,2
东风,2
前进,2
铁力,2
嘉荫,2
红星,2
带岭,2
五营,2
新青,2
红岗,2
翠峦,2
西林,2
友好,2
南岔,2
伊春,2
林甸,2
肇源,2
肇州,2
鸡冠,2
拜泉,2
乾安,2
克东,2
松北,2
平房,2
道外,2
南岗,2
道里,2
安图,2
汪清,2
和龙,2
龙井,2
珲春,2
敦化,2
图们,2
延吉,2
大安,2
洮南,2
通榆,2
镇赉,2
洮北,2
扶余,2
香坊,2
呼兰,2
阿城,2
龙沙,2
克山,2
富裕,2
甘南,2
泰来,2
依安,2
龙江,2
铁锋,2
建华,2
五常,2
双城,2
尚志,2
延寿,2
通河,2
木兰,2
巴彦,2
宾县,2
方正,2
依兰,2
炎陵,2
雨湖,2
离岛,2
甘谷,2
清水,2
麦积,2
秦州,2
景泰,2
会宁,2
靖远,2
平川,2
白银,2
永昌,2
镜铁,2
长城,2
雄关,2
榆中,2
皋兰,2
永登,2
红古,2
西固,2
柞水,2
镇安,2
秦安,2
武山,2
玉门,2
凉州,2
瓜州,2
金塔,2
肃州,2
静宁,2
庄浪,2
华亭,2
崇信,2
灵台,2
泾川,2
崆峒,2
山丹,2
高台,2
临泽,2
民乐,2
肃南,2
甘州,2
天祝,2
古浪,2
民勤,2
商南,2
丹凤,2
洛南,2
商州,2
佛坪,2
留坝,2
镇巴,2
略阳,2
宁强,2
勉县,2
西乡,2
洋县,2
城固,2
南郑,2
汉台,2
黄陵,2
黄龙,2
宜川,2
洛川,2
富县,2
甘泉,2
吴起,2
志丹,2
榆阳,2
横山,2
府谷,2
汉阴,2
白河,2
旬阳,2
镇坪,2
平利,2
岚皋,2
紫阳,2
宁陕,2
石泉,2
汉滨,2
靖边,2
神木,2
子洲,2
清涧,2
吴堡,2
佳县,2
米脂,2
绥德,2
定边,2
肃北,2
敦煌,2
延川,2
玛多,2
达日,2
甘德,2
班玛,2
玛沁,2
贵南,2
兴海,2
贵德,2
同德,2
共和,2
河南,2
泽库,2
尖扎,2
同仁,2
刚察,2
海晏,2
祁连,2
门源,2
循化,2
化隆,2
久治,2
玉树,2
西峰,2
杂多,2
西吉,2
原州,2
同心,2
盐池,2
利通,2
平罗,2
惠农,2
灵武,2
贺兰,2
永宁,2
金凤,2
西夏,2
兴庆,2
天峻,2
都兰,2
乌兰,2
囊谦,2
治多,2
称多,2
互助,2
民和,2
平安,2
乐都,2
康县,2
宕昌,2
文县,2
成县,2
武都,2
岷县,2
漳县,2
临洮,2
渭源,2
陇西,2
通渭,2
安定,2
镇原,2
宁县,2
正宁,2
合水,2
华池,2
环县,2
庆城,2
西和,2
礼县,2
徽县,2
迭部,2
湟源,2
湟中,2
城北,2
城西,2
城东,2
夏河,2
碌曲,2
玛曲,2
舟曲,2
两当,2
卓尼,2
临潭,2
合作,2
和政,2
广河,2
永靖,2
康乐,2
临夏,2
子长,2
延长,2
泾源,2
达孜,2
尼木,2
当雄,2
林周,2
城关,2
维西,2
德钦,2
兰坪,2
贡山,2
福贡,2
泸水,2
陇川,2
盈江,2
梁河,2
芒市,2
瑞丽,2
鹤庆,2
剑川,2
洱源,2
永平,2
曲水,2
江孜,2
洛隆,2
定日,2
左贡,2
八宿,2
察雅,2
丁青,2
贡觉,2
江达,2
卡若,2
岗巴,2
萨嘎,2
吉隆,2
亚东,2
仲巴,2
定结,2
康马,2
仁布,2
白朗,2
昂仁,2
拉孜,2
萨迦,2
巍山,2
南涧,2
弥渡,2
宾川,2
个旧,2
禄丰,2
武定,2
元谋,2
永仁,2
大姚,2
姚安,2
南华,2
牟定,2
双柏,2
楚雄,2
沧源,2
耿马,2
双江,2
镇康,2
永德,2
云县,2
凤庆,2
临翔,2
开远,2
蒙自,2
弥勒,2
丘北,2
祥云,2
漾濞,2
大理,2
勐腊,2
勐海,2
景洪,2
富宁,2
广南,2
马关,2
屏边,2
西畴,2
砚山,2
文山,2
绿春,2
元阳,2
泸西,2
石屏,2
建水,2
芒康,2
边坝,2
安塞,2
泾阳,2
渭城,2
杨陵,2
秦都,2
太白,2
凤县,2
麟游,2
千阳,2
陇县,2
眉县,2
扶风,2
岐山,2
凤翔,2
陈仓,2
金台,2
渭滨,2
宜君,2
耀州,2
印台,2
王益,2
三原,2
乾县,2
巴宜,2
礼泉,2
宝塔,2
华阴,2
韩城,2
富平,2
白水,2
蒲城,2
澄城,2
合阳,2
大荔,2
潼关,2
华州,2
临渭,2
兴平,2
武功,2
淳化,2
旬邑,2
长武,2
彬县,2
永寿,2
周至,2
蓝田,2
鄠邑,2
高陵,2
比如,2
嘉黎,2
那曲,2
错那,2
隆子,2
加查,2
洛扎,2
措美,2
曲松,2
琼结,2
桑日,2
贡嘎,2
扎囊,2
乃东,2
朗县,2
察隅,2
波密,2
墨脱,2
米林,2
聂荣,2
安多,2
申扎,2
改则,2
临潼,2
阎良,2
雁塔,2
未央,2
灞桥,2
莲湖,2
碑林,2
措勤,2
革吉,2
索县,2
日土,2
噶尔,2
札达,2
普兰,2
双湖,2
尼玛,2
巴青,2
班戈,2
隆德,2
彭阳,2
岳塘,2
名间,2
草屯,2
埔里,2
溪州,2
竹塘,2
芳苑,2
埤头,2
田尾,2
二林,2
北斗,2
二水,2
社头,2
埔心,2
埔盐,2
大村,2
田中,2
员林,2
芬园,2
花坛,2
秀水,2
集集,2
鹿谷,2
口湖,2
中寮,2
元长,2
台西,2
褒忠,2
麦寮,2
仑背,2
二仑,2
林内,2
莿桐,2
大埤,2
古坑,2
北港,2
土库,2
西螺,2
虎尾,2
斗南,2
斗六,2
水里,2
国姓,2
鱼池,2
福兴,2
伸港,2
线西,2
和美,2
关西,2
新埔,2
竹东,2
竹北,2
观音,2
新屋,2
龟山,2
大园,2
大溪,2
芦竹,2
杨梅,2
八德,2
平镇,2
中坜,2
桃园,2
三星,2
五结,2
冬山,2
员山,2
芎林,2
北埔,2
峨眉,2
铜锣,2
鹿港,2
泰安,2
狮潭,2
三湾,2
造桥,2
三义,2
头屋,2
南庄,2
公馆,2
尖石,2
大湖,2
卓兰,2
后龙,2
头份,2
竹南,2
通霄,2
苑里,2
苗栗,2
四湖,2
水林,2
礁溪,2
秀林,2
瑞穗,2
丰滨,2
光复,2
寿丰,2
玉里,2
凤林,2
花莲,2
兰屿,2
达仁,2
金峰,2
海端,2
绿岛,2
大武,2
长滨,2
池上,2
鹿野,2
卑南,2
关山,2
成功,2
富里,2
卓溪,2
太保,2
马公,2
葵青,2
西贡,2
元朗,2
屯门,2
荃湾,2
观塘,2
东引,2
莒光,2
北竿,2
南竿,2
乌丘,2
烈屿,2
金宁,2
金城,2
七美,2
望安,2
西屿,2
白沙,2
湖西,2
台东,2
狮子,2
春日,2
来义,2
万丹,2
恒春,2
潮州,2
屏东,2
番路,2
梅山,2
竹崎,2
中埔,2
水上,2
鹿草,2
义竹,2
东石,2
六脚,2
新港,2
溪口,2
民雄,2
大林,2
布袋,2
朴子,2
麟洛,2
九如,2
里港,2
南州,2
泰武,2
玛家,2
雾台,2
枋山,2
满州,2
车城,2
琉球,2
佳冬,2
林边,2
盐埔,2
崁顶,2
新园,2
枋寮,2
新埤,2
竹田,2
内埔,2
万峦,2
高树,2
壮围,2
头城,2
中宁,2
内湖,2
万华,2
中正,2
信义,2
丰庆,2
海川,2
青河,2
福海,2
富蕴,2
裕民,2
托里,2
额敏,2
乌苏,2
塔城,2
昭苏,2
新源,2
巩留,2
霍城,2
奎屯,2
伊宁,2
南港,2
士林,2
路竹,2
北投,2
田寮,2
燕巢,2
冈山,2
鸟松,2
仁武,2
大社,2
大树,2
大寮,2
林园,2
小港,2
旗津,2
前镇,2
苓雅,2
前金,2
三民,2
楠梓,2
左营,2
鼓山,2
盐埕,2
民丰,2
于田,2
策勒,2
洛浦,2
且末,2
若羌,2
尉犁,2
轮台,2
温泉,2
精河,2
博乐,2
木垒,2
奇台,2
阜康,2
昌吉,2
伊吾,2
哈密,2
鄯善,2
高昌,2
米东,2
新市,2
天山,2
海原,2
焉耆,2
和静,2
和硕,2
疏附,2
皮山,2
墨玉,2
巴楚,2
伽师,2
叶城,2
莎车,2
泽普,2
疏勒,2
喀什,2
博湖,2
乌恰,2
柯坪,2
乌什,2
拜城,2
新和,2
沙雅,2
库车,2
温宿,2
阿莲,2
湖内,2
苏澳,2
新店,2
三重,2
板桥,2
香山,2
龙崎,2
关庙,2
归仁,2
仁德,2
左镇,2
南化,2
西城,2
玉井,2
山上,2
善化,2
北门,2
将军,2
七股,2
西港,2
学甲,2
佳里,2
新庄,2
树林,2
茄萣,2
莺歌,2
罗东,2
宜兰,2
乌来,2
万里,2
贡寮,2
双溪,2
平溪,2
八里,2
三芝,2
坪林,2
石碇,2
深坑,2
五股,2
芦洲,2
土城,2
瑞芳,2
汐止,2
淡水,2
三峡,2
大内,2
官田,2
六甲,2
下营,2
丰原,2
北屯,2
南屯,2
西屯,2
北区,2
中区,2
安乐,2
仁爱,2
暖暖,2
七堵,2
茂林,2
内门,2
杉林,2
甲仙,2
六龟,2
美浓,2
旗山,2
梓官,2
弥陀,2
东势,2
大甲,2
沙鹿,2
雾峰,2
麻豆,2
后壁,2
柳营,2
盐水,2
新营,2
中西,2
安南,2
大里,2
大肚,2
梧栖,2
乌日,2
外埔,2
石冈,2
新社,2
大雅,2
潭子,2
神冈,2
后里,2
西盟,2
澜沧,2
孟连,2
揭东,2
饶平,2
潮安,2
湘桥,2
坦洲,2
神湾,2
板芙,2
三乡,2
沙溪,2
大涌,2
港口,2
南朗,2
民众,2
三角,2
横栏,2
古镇,2
东升,2
小榄,2
阜沙,2
东凤,2
榕城,2
揭西,2
柳江,2
惠来,2
柳南,2
鱼峰,2
城中,2
埌东,2
横县,2
宾阳,2
上林,2
马山,2
隆安,2
武鸣,2
邕宁,2
良庆,2
江南,2
青秀,2
罗定,2
郁南,2
云安,2
云城,2
普宁,2
南头,2
黄圃,2
火炬,2
南区,2
石排,2
茶山,2
石碣,2
万江,2
莞城,2
连州,2
英德,2
连南,2
阳山,2
佛冈,2
清新,2
清城,2
阳春,2
阳西,2
阳东,2
江城,2
东源,2
连平,2
龙川,2
企石,2
横沥,2
桥头,2
清溪,2
东区,2
石岐,2
凤岗,2
厚街,2
虎门,2
塘厦,2
道滘,2
沙田,2
洪梅,2
谢岗,2
黄江,2
高埗,2
中堂,2
麻涌,2
大朗,2
寮步,2
常平,2
东坑,2
柳北,2
柳城,2
源城,2
南丹,2
富川,2
钟山,2
昭平,2
平桂,2
八步,2
靖西,2
隆林,2
田林,2
乐业,2
凌云,2
那坡,2
德保,2
平果,2
田东,2
田阳,2
右江,2
玉东,2
北流,2
兴业,2
宜州,2
天峨,2
鹿寨,2
凤山,2
凭祥,2
天等,2
大新,2
龙州,2
宁明,2
扶绥,2
江州,2
合山,2
金秀,2
武宣,2
象州,2
忻城,2
兴宾,2
大化,2
都安,2
巴马,2
环江,2
罗城,2
东兰,2
博白,2
陆川,2
容县,2
福绵,2
恭城,2
荔浦,2
平乐,2
资源,2
龙胜,2
灌阳,2
永福,2
全州,2
灵川,2
阳朔,2
临桂,2
雁山,2
七星,2
叠彩,2
秀峰,2
柳东,2
三江,2
融水,2
融安,2
万秀,2
长洲,2
龙圩,2
钦北,2
玉州,2
桂平,2
平南,2
覃塘,2
港南,2
港北,2
浦北,2
灵山,2
钦南,2
苍梧,2
东兴,2
上思,2
防城,2
合浦,2
银海,2
岑溪,2
蒙山,2
藤县,2
紫金,2
陆丰,2
镇沅,2
道县,2
祁阳,2
零陵,2
资兴,2
安仁,2
桂东,2
汝城,2
临武,2
嘉禾,2
永兴,2
宜章,2
桂阳,2
苏仙,2
北湖,2
沅江,2
安化,2
桃江,2
南县,2
赫山,2
资阳,2
双牌,2
江永,2
泸溪,2
宁远,2
涟源,2
新化,2
双峰,2
娄星,2
洪江,2
通道,2
靖州,2
芷江,2
新晃,2
麻阳,2
会同,2
溆浦,2
辰溪,2
沅陵,2
中方,2
鹤城,2
江华,2
新田,2
蓝山,2
桑植,2
慈利,2
津市,2
石门,2
邵东,2
北塔,2
大祥,2
双清,2
常宁,2
耒阳,2
祁东,2
衡东,2
衡山,2
衡南,2
衡阳,2
南岳,2
蒸湘,2
石鼓,2
雁峰,2
珠晖,2
韶山,2
湘乡,2
湘潭,2
新邵,2
邵阳,2
隆回,2
汨罗,2
桃源,2
临澧,2
澧县,2
汉寿,2
安乡,2
鼎城,2
武陵,2
临湘,2
平江,2
洞口,2
湘阴,2
岳阳,2
君山,2
云溪,2
武冈,2
城步,2
新宁,2
绥宁,2
吉首,2
凤凰,2
陆河,2
端州,2
化州,2
高州,2
电白,2
茂南,2
吴川,2
雷州,2
廉江,2
徐闻,2
遂溪,2
麻章,2
坡头,2
霞山,2
赤坎,2
恩平,2
台山,2
新会,2
江海,2
蓬江,2
高明,2
信宜,2
鼎湖,2
花垣,2
高要,2
海丰,2
兴宁,2
蕉岭,2
平远,2
五华,2
丰顺,2
大埔,2
梅县,2
梅江,2
龙门,2
惠东,2
博罗,2
惠阳,2
惠城,2
四会,2
德庆,2
封开,2
怀集,2
广宁,2
三水,2
顺德,2
南海,2
禅城,2
仁化,2
始兴,2
曲江,2
浈江,2
武江,2
增城,2
从化,2
南沙,2
花都,2
番禺,2
黄埔,2
白云,2
天河,2
海珠,2
越秀,2
荔湾,2
永顺,2
古丈,2
保靖,2
翁源,2
乳源,2
新丰,2
斗门,2
南澳,2
澄海,2
潮南,2
潮阳,2
濠江,2
金平,2
龙湖,2
金湾,2
香洲,2
乐昌,2
坪山,2
龙华,2
盐田,2
龙岗,2
宝安,2
福田,2
罗湖,2
南雄,2
秀英,2
琼山,2
美兰,2
平坝,2
仁怀,2
赤水,2
习水,2
余庆,2
湄潭,2
凤冈,2
务川,2
道真,2
正安,2
绥阳,2
桐梓,2
播州,2
汇川,2
盘州,2
水城,2
六枝,2
清镇,2
修文,2
息烽,2
西秀,2
普定,2
兴仁,2
镇宁,2
松桃,2
沿河,2
德江,2
印江,2
思南,2
石阡,2
玉屏,2
江口,2
万山,2
碧江,2
赫章,2
威宁,2
纳雍,2
织金,2
金沙,2
黔西,2
大方,2
紫云,2
关岭,2
开阳,2
乌当,2
花溪,2
云岩,2
理塘,2
色达,2
石渠,2
白玉,2
德格,2
新龙,2
甘孜,2
炉霍,2
道孚,2
雅江,2
九龙,2
丹巴,2
泸定,2
康定,2
红原,2
阿坝,2
壤塘,2
黑水,2
小金,2
巴塘,2
乡城,2
稻城,2
金阳,2
南明,2
雷波,2
美姑,2
甘洛,2
越西,2
冕宁,2
喜德,2
昭觉,2
布拖,2
得荣,2
普格,2
宁南,2
会东,2
会理,2
德昌,2
盐源,2
木里,2
西昌,2
兴义,2
普安,2
海棠,2
腾冲,2
龙陵,2
施甸,2
隆阳,2
元江,2
新平,2
峨山,2
易门,2
华宁,2
通海,2
澄江,2
江川,2
红塔,2
宣威,2
会泽,2
富源,2
罗平,2
师宗,2
陆良,2
马龙,2
昌宁,2
昭阳,2
晴隆,2
鲁甸,2
景谷,2
景东,2
墨江,2
宁洱,2
思茅,2
宁蒗,2
华坪,2
永胜,2
玉龙,2
古城,2
水富,2
威信,2
彝良,2
镇雄,2
绥江,2
永善,2
大关,2
盐津,2
巧家,2
沾益,2
麒麟,2
安宁,2
寻甸,2
丹寨,2
麻江,2
雷山,2
从江,2
榕江,2
黎平,2
剑河,2
锦屏,2
天柱,2
岑巩,2
镇远,2
三穗,2
施秉,2
黄平,2
凯里,2
安龙,2
册亨,2
望谟,2
贞丰,2
都匀,2
福泉,2
荔波,2
西山,2
禄劝,2
嵩明,2
石林,2
宜良,2
富民,2
晋宁,2
呈贡,2
东川,2
官渡,2
贵定,2
盘龙,2
惠水,2
龙里,2
长顺,2
罗甸,2
平塘,2
独山,2
瓮安,2
金川,2
松潘,2
茂县,2
大邑,2
郫都,2
双流,2
温江,2
新都,2
成华,2
武侯,2
金牛,2
青羊,2
锦江,2
彭水,2
酉阳,2
秀山,2
石柱,2
巫溪,2
巫山,2
奉节,2
云阳,2
忠县,2
垫江,2
金堂,2
蒲江,2
理县,2
新津,2
旌阳,2
古蔺,2
叙永,2
合江,2
泸县,2
纳溪,2
江阳,2
盐边,2
米易,2
仁和,2
西区,2
富顺,2
荣县,2
沿滩,2
贡井,2
简阳,2
崇州,2
邛崃,2
彭州,2
丰都,2
城口,2
武隆,2
梁平,2
海头,2
排浦,2
王五,2
兰洋,2
峨蔓,2
中和,2
东成,2
光村,2
新州,2
大成,2
和庆,2
雅星,2
那大,2
洋浦,2
中沙,2
西沙,2
崖州,2
天涯,2
吉阳,2
木棠,2
三都,2
万州,2
江津,2
开州,2
荣昌,2
潼南,2
铜梁,2
璧山,2
南川,2
永川,2
合川,2
长寿,2
涪陵,2
黔江,2
巴南,2
渝北,2
大足,2
綦江,2
北碚,2
南岸,2
渝中,2
中江,2
罗江,2
广汉,2
仁寿,2
达川,2
通川,2
华蓥,2
邻水,2
武胜,2
岳池,2
前锋,2
广安,2
屏山,2
兴文,2
筠连,2
珙县,2
高县,2
江安,2
宜宾,2
南溪,2
翠屏,2
青神,2
丹棱,2
宣汉,2
开江,2
大竹,2
巴州,2
汶川,2
乐至,2
安岳,2
雁江,2
平昌,2
南江,2
通江,2
恩阳,2
宝兴,2
渠县,2
芦山,2
天全,2
石棉,2
汉源,2
荥经,2
名山,2
雨城,2
万源,2
洪雅,2
彭山,2
什邡,2
东坡,2
安居,2
船山,2
苍溪,2
剑阁,2
青川,2
旺苍,2
朝天,2
昭化,2
利州,2
江油,2
平武,2
北川,2
梓潼,2
盐亭,2
三台,2
安州,2
游仙,2
涪城,2
绵竹,2
蓬溪,2
射洪,2
大英,2
顺庆,2
阆中,2
西充,2
仪陇,2
蓬安,2
营山,2
南部,2
嘉陵,2
高坪,2
马边,2
威远,2
峨边,2
沐川,2
夹江,2
井研,2
犍为,2
沙湾,2
隆昌,2
资中,2
特区,2
